Athlete ID,Year,Athlete Name,Athlete Class,School,Number of Races Run,Personal Record,Season Record,Consistency,Days since Season PR,All-American,Nationals Place,Nationals Time
67603,2025,Emmanuel Leblond,SR,Johns Hopkins,4,1403.3006,1403.3006,18.80683114035627,50,1,1,1415.0001
63513,2025,Mohammed Bati,SR,Augsburg,6,1434.6000999999999,1463.7001,18.89518457173678,7,1,2,1419.6001999999999
79321,2025,Isaac vanWestrienen,SR,Cornell College,4,1437.1000999999999,1437.1000999999999,12.880958524407248,35,1,3,1419.8002999999999
108169,2025,Ryan Hagan,SO,Suny Geneseo,4,1425.1021999999998,1425.1021999999998,19.67546990042428,50,1,4,1432.7004
69204,2025,Grant Matthai,SR,Wis.-La Crosse,5,1397.0017,1397.0017,55.70434106949292,50,1,5,1433.7005000000001
64254,2025,Nathan Tassey,SR,Roger Williams,3,1437.8001,1458.2002,26.581192306716883,50,1,6,1434.3006
69203,2025,Aidan Matthai,SR,Wis.-La Crosse,5,1419.403,1419.403,37.42106585679245,50,1,7,1435.2007
66433,2025,Jacob Curulewski,SR,Carthage,6,1437.2001,1437.2001,18.424395916219375,21,1,8,1436.0008
69205,2025,Jayden Zywicki,SR,Wis.-La Crosse,5,1414.3023,1414.3023,49.93009988864839,50,1,9,1442.7009
76415,2025,Isaiah Hammerand,JR,Wartburg,5,1424.2001,1424.2001,17.77904638673287,21,1,10,1449.901
68441,2025,Jack Stein,SR,Pomona-Pitzer,6,1425.4006000000002,1425.4006000000002,23.432037228931993,56,1,11,1450.2011
71880,2025,Kevin Turlington,SR,St. Olaf,6,1447.5003,1447.5003,15.809180321016044,35,1,12,1452.3011999999999
61057,2025,Lance Sobaski,SR,Wartburg,4,1434.5002,1434.5002,18.878257143139585,21,1,13,1452.9013
94974,2025,Isaac Bourne,SR,Loras,6,1447.2006000000001,1447.2006000000001,16.844729535451062,21,1,14,1454.3014
81986,2025,Emerson Comer,JR,Suny Geneseo,4,1456.1005,1456.1005,12.782764350361573,35,1,15,1454.5015
83353,2025,Will Shuflit,JR,Colorado College,6,1444.9001,1444.9001,21.15602945328012,50,1,16,1455.2016
69206,2025,Joey Sullivan,SR,Wis.-La Crosse,4,1431.3043,1431.3043,21.24675942471874,50,1,17,1456.2017
61058,2025,Eli Larson,SR,Wartburg,6,1443.7003,1443.7003,17.027206325806954,21,1,18,1457.0018
119055,2025,Anthony Clark,FR,Johns Hopkins,3,1443.005,1443.005,12.749638608298762,50,1,19,1462.9019
71877,2025,Cameron Cullen,SR,Wis.-Oshkosh,6,1446.0009,1446.0009,31.992208167844865,21,1,20,1466.802
71440,2025,Cullen McCaleb,SR,Tufts,5,1457.9008000000001,1457.9008000000001,9.19253692170305,35,1,21,1467.7021
89023,2025,Evan Lacey,JR,RPI,5,1492.4025000000001,1492.4025000000001,10.442624991906847,35,1,22,1467.9022
121775,2025,Amir Barkan,SR,Pomona-Pitzer,6,1486.8056,1486.8056,14.525241078177233,56,1,23,1470.8023
45978,2025,Jack Hesse-Withbroe,SR,Wis.-Eau Claire,6,1433.2003,1433.2003,32.59195973010659,21,1,24,1471.6024
61730,2025,Luke Holland,SR,Uc Santa Cruz,4,1450.3016,1450.3016,22.49477021180425,56,1,25,1471.8025
89022,2025,Colin Goldschmidt,JR,RPI,6,1491.8036,1491.8036,21.99775060095007,50,1,26,1472.4026000000001
105162,2025,Renne Cooper,SO,MIT,4,1461.2012,1461.2012,31.28906424131081,35,1,27,1472.6027
69520,2025,Tobin Durham,SR,RPI,5,1475.1007,1503.5032,16.444866882477275,35,1,28,1473.1028
81988,2025,Pierce Young,JR,Suny Geneseo,2,1465.5016,1465.5016,13.049349999999892,35,1,29,1473.3029
76414,2025,BJ Sorg,JR,North Central (Ill.),5,1441.1001999999999,1441.1001999999999,10.56367835235442,21,1,30,1473.703
120942,2025,Theo Udelson-Nee,FR,NYU,5,1471.7006000000001,1471.7006000000001,28.11141348786282,50,1,31,1473.8030999999999
95474,2025,Oscar Frontjes,SO,North Central (Ill.),5,1467.403,1467.403,13.13727648191974,49,1,32,1474.9032000000002
106950,2025,Liam Hagerty,JR,NYU,5,1451.9004,1451.9004,22.866566866672382,35,1,33,1477.6033
94548,2025,Jefferson Wright,SO,Pomona-Pitzer,6,1473.1011999999998,1474.2039,16.616220430317185,56,1,34,1478.1034
89410,2025,Harris Gulbransen,JR,Tufts,4,1461.7013,1461.7013,15.704513128616123,35,1,35,1478.1035
66835,2025,Eric Rutherford,SR,Loras,6,1465.8011,1465.8011,15.365936011902274,21,1,36,1478.8036
43457,2025,Jack Kinzer,SR,Wartburg,5,1444.3005,1444.3005,20.886948884066314,21,1,37,1480.8037
77919,2025,Sanju Patel,JR,U. Of Chicago,4,1479.0015,1479.2011,11.964639588805031,7,1,38,1481.6037999999999
70060,2025,Gavin Byerly,SR,Manchester,6,1479.7028,1495.9005000000002,20.682716336291485,63,1,39,1482.6038999999998
68102,2025,Jeffrey Chen,SR,NYU,5,1462.8015,1462.8015,24.157673153017026,35,1,40,1483.204
64818,2025,Anson Butler,SR,Suny Geneseo,2,1511.1015,1522.8009,30.699850000000083,35,0,41,1484.1041
95587,2025,Donovan Crowley,SO,Case Western,3,1506.8007,1506.8007,14.295885683494909,7,0,42,1484.5042
85313,2025,Yichen Sun,JR,MIT,5,1461.1010999999999,1461.1010999999999,16.811354436499155,35,0,43,1484.9043000000001
80770,2025,Alex Hrycyszyn,JR,NYU,5,1486.3034,1486.3034,26.2553771754588,35,0,44,1486.7044
66432,2025,Jacob Kluckhohn,SR,North Central (Ill.),4,1481.5013,1481.5013,8.51966594808016,7,0,45,1487.6045
50505,2025,Ashton Deriso,SR,Oglethorpe,6,1472.2002,1472.2002,15.333775743840754,7,0,46,1488.6046
85390,2025,Stan Craig,JR,Amherst,3,1472.3005,1472.3005,19.201599999999985,21,0,47,1489.3047
85917,2025,Ellis Iurilli-Hough,JR,Connecticut College,6,1477.3009,1477.3009,19.14994502222921,21,0,48,1489.3048
62209,2025,Cian Monaghan,SR,Puget Sound,6,1454.1015,1454.1015,37.91411651069291,35,0,49,1489.9049
71896,2025,Gael Manzur-Strandlund,SR,St. Olaf,6,1505.7005000000001,1512.4074,25.551642724756505,35,0,50,1490.305
77916,2025,Spencer May,SR,U. Of Chicago,5,1499.7022,1499.7022,13.496387123019318,7,0,51,1490.9051000000002
72741,2025,Micah Lachman,SR,Haverford,6,1468.8001,1468.8001,10.287551857584903,35,0,52,1491.2052
96623,2025,Oliver Moss,SO,Carnegie Mellon,6,1482.6008,1482.6008,24.5127154409625,71,0,53,1493.0053
80474,2025,Kenny Wanlass,JR,Johns Hopkins,6,1467.2003,1467.2003,25.277524987276724,21,0,54,1493.9054
85389,2025,Harrison Dow,JR,Amherst,5,1461.8006,1462.0014,24.09318441437328,35,0,55,1493.9055
80769,2025,Sean Miller,JR,Vassar,7,1460.801,1460.801,26.919098220066772,35,0,56,1494.4056
112991,2025,Carter Bengtson,FR,Amherst,5,1470.7005000000001,1470.7005000000001,28.04256440915971,50,0,57,1494.5057
89394,2025,Quinn Hampson,SR,Tufts,5,1476.8005,1476.8005,13.187189859799519,7,0,58,1495.5058
69515,2025,Jack Loughery,SR,RPI,5,1468.8003999999999,1500.3009,12.437477660940798,63,0,59,1496.3059
106417,2025,Mateo Alvarado-Venegas,SO,Wis.-Stevens Point,5,1468.0013,1468.0013,19.929056771116954,21,0,60,1496.506
71712,2025,Owen Johnson,SR,Middlebury,6,1493.3043,1493.3043,82.10907067540138,35,0,61,1496.9061000000002
111378,2025,Max Sudrzynski,FR,Washington U.,6,1497.3120999999999,1497.3120999999999,19.812520833351847,57,0,62,1497.5062
69526,2025,Luke Zanuck,SR,Williams,6,1484.8007,1484.8007,15.1522249908586,49,0,63,1497.6063
86767,2025,Logan Murphy,JR,Wis.-Stevens Point,5,1474.1015,1482.8016,14.738158760252222,21,0,64,1498.0064
83825,2025,Stian Asper,JR,Redlands,7,1457.4025000000001,1457.4025000000001,30.08158181426063,35,0,65,1498.2065
68819,2025,Henry Dennen,SR,Amherst,5,1479.1019,1499.1052,17.516789421081185,35,0,66,1499.1065999999998
80209,2025,Conor Daly,SR,Washington U.,6,1495.502,1496.5019,14.561346300201789,7,0,67,1499.5067
68105,2025,Andy Taylor,SR,NYU,5,1476.001,1476.001,21.07046540296633,50,0,68,1499.7068000000002
67137,2025,Keaton Rush,SR,Washington And Lee,4,1474.8003999999999,1474.8003999999999,28.3327515531938,7,0,69,1499.9069000000002
106957,2025,Sam Daunt,SO,Washington And Lee,5,1475.6005,1475.6005,23.706333880368337,7,0,70,1501.107
69208,2025,Mason Brown,SR,Wis.-La Crosse,3,1470.4014000000002,1470.4014000000002,25.971879889903082,21,0,71,1502.1071
105948,2025,Chuck Vater,SO,Wis.-La Crosse,5,1438.1006,1438.1006,50.15682718827421,21,0,72,1502.2072
65830,2025,Ryan Podnar,SR,Carnegie Mellon,6,1444.8005,1473.1002999999998,15.898205898352208,71,0,73,1502.9073
83442,2025,Peter Neid,JR,Pomona-Pitzer,6,1468.5071,1483.8052,18.111071502598154,56,0,74,1503.5074
101989,2025,Eli Welch,SO,Williams,6,1457.0007,1457.0007,23.1103024658181,35,0,75,1503.6074999999998
105110,2025,Collin Brown,SO,Suny Geneseo,6,1482.4031,1482.4031,14.878371117430808,35,0,76,1504.3075999999999
93959,2025,Brady Ott,SO,Johns Hopkins,5,1470.2021,1470.2021,37.852574417146286,35,0,77,1504.6077
68823,2025,Liam Calhoun,SR,Wesleyan,4,1480.4012,1480.4012,31.289304576519815,50,0,78,1507.4078000000002
117215,2025,Paulino Guevara-Mateo,FR,Fitchburg St.,7,1471.6000999999999,1471.6000999999999,29.321214219993085,7,0,79,1507.4079000000002
69512,2025,Nikhil DeNatale,SR,Williams,6,1438.6001999999999,1469.6002999999998,24.469577029004817,49,0,80,1508.608
105169,2025,Landon Hering,SO,MIT,5,1491.5041,1491.5041,15.266316613695661,35,0,81,1509.7081
67025,2025,Anthony Carney,SR,Dubuque,6,1461.9009,1461.9009,20.15519500042107,21,0,82,1510.4082
68154,2025,Joshua Pohle,SR,Rose-Hulman,6,1492.8002,1492.8002,27.038033604565253,7,0,83,1511.6082999999999
123595,2025,Sam Hansen,FR,MIT,4,1475.8003999999999,1475.8003999999999,39.89043459615354,7,0,84,1512.9084
69836,2025,Tim Neumann,SR,MIT,4,1470.202,1470.202,15.795293015543468,35,0,85,1512.9085
71917,2025,Gabe Nichols,SR,Carleton,6,1490.9005000000002,1507.9036,42.765166945662706,35,0,86,1513.0086
81375,2025,Jack Brown,JR,Central College,7,1457.5008,1457.5008,44.6860442094496,21,0,87,1513.8087
72428,2025,Jonathan Cobb,JR,Lynchburg,5,1483.4009,1483.4009,22.598356170416398,7,0,88,1513.9088000000002
80230,2025,Nicolo Fasanelli,JR,Carnegie Mellon,4,1504.5012,1504.5012,6.815530566058287,35,0,89,1514.2089
84105,2025,Dom Flitcraft,JR,Washington & Jefferson,6,1484.501,1522.0011,35.63014229770912,49,0,90,1514.309
88599,2025,Zach Sporaa,JR,Wis.-Platteville,5,1447.201,1447.201,27.38292215402876,21,0,91,1514.6091
101823,2025,Jacob Dinerman,JR,Rutgers-Camden,7,1483.4004,1483.4004,83.59585308292151,7,0,92,1514.7092
97859,2025,Solomon Zaugg,SO,Wartburg,6,1470.7012,1470.7012,17.00066895890866,21,0,93,1514.8093
43887,2025,Matthew Conway,SR,Rowan,6,1488.2007,1488.2007,19.392379753004004,7,0,94,1515.5094
66362,2025,Carston Cole,SR,Hope,6,1467.9017000000001,1511.704,6.789972723169731,35,0,95,1516.5095
67166,2025,Payne Ratliff,SR,Otterbein,7,1484.4033000000002,1490.2003,17.71404099668456,49,0,96,1516.5096
102922,2025,Rory Lieberman,JR,Lebanon Valley,6,1459.2003,1459.2003,45.50660507394328,56,0,97,1517.2097
76735,2025,Tyler Bolaske,JR,Keene State,5,1465.9017000000001,1465.9017000000001,11.004306444733327,35,0,98,1518.3098
79455,2025,Jacob Slater,JR,Case Western,4,1488.7004,1488.7004,13.813634338178037,63,0,99,1518.6099
124625,2025,Nico Castellanos,FR,Wis.-La Crosse,4,1460.9012,1460.9012,33.18505964892183,21,0,100,1518.91
69513,2025,Justin Cascio,SR,RPI,5,1473.2105000000001,1473.2105000000001,35.39080900546918,50,0,101,1519.1100999999999
92151,2025,Jonah Reisner,JR,Tufts,4,1452.2001,1452.2001,18.188597909181336,49,0,102,1520.0102
123672,2025,Evan Parker,FR,U. Of Chicago,5,1477.1009999999999,1477.1009999999999,14.880606808783075,7,0,103,1520.5103
77786,2025,Gavin Hefferan,JR,Moravian,6,1485.8006,1485.8006,25.27702673554784,7,0,104,1521.5104
108694,2025,Nathaniel Aronson,SO,Bates,5,1493.9016000000001,1493.9016000000001,27.850561085579525,21,0,105,1522.2105000000001
77923,2025,Liam Eifert,JR,U. Of Chicago,5,1466.8002999999999,1466.8002999999999,23.831936228817014,50,0,106,1522.4106000000002
75047,2025,Alexander Kermath,SR,Wesleyan,3,1491.3014,1497.5018,19.076480294039825,21,0,107,1522.8107
71888,2025,Jack Deaver,SR,St. Olaf,6,1489.4038,1489.4038,21.81860081150944,35,0,108,1523.3108
64828,2025,Derick Koen,SR,RIT,7,1482.2001,1482.2001,24.94874836871778,42,0,109,1524.1109
63333,2025,Rabbit Barnes,SR,Colorado College,6,1509.6032,1513.8002,24.96522865818688,21,0,110,1524.311
80970,2025,Camden Jaureguy,JR,Uc Santa Cruz,4,1470.6036,1470.6036,25.326422415730185,56,0,111,1524.5111
106956,2025,Alex Jordan,SO,Lynchburg,6,1455.2001,1455.2001,34.04199872314895,7,0,112,1524.6111999999998
89302,2025,London Haley,JR,Whitworth,7,1449.9009,1449.9009,26.474051842050056,35,0,113,1524.9113
98116,2025,Luke Munoz,SO,NYU,5,1523.1006,1523.1006,19.67090126309415,35,0,114,1525.1114
101788,2025,Sean Green,SO,Washington U.,6,1504.4141000000002,1504.4141000000002,10.244927270019987,57,0,115,1525.4115000000002
68500,2025,Amos Bixler,SR,Houghton,7,1498.3006,1498.3006,24.31600167318629,42,0,116,1526.6116
69793,2025,Amokrane Aouchiche,SR,Tufts,5,1470.6021999999998,1470.6021999999998,9.954040285713257,35,0,117,1526.7117
101991,2025,Malcolm Oakes,SO,Williams,7,1458.1009,1458.1009,33.54584369104466,35,0,118,1528.0118
122895,2025,Jorge Clemente-Garcia,FR,Pfeiffer,6,1507.1014,1507.1014,30.692649501545596,7,0,119,1528.9119
71901,2025,Caden Schneider,SR,Wis.-Platteville,5,1436.6005,1436.6005,46.197045535185474,21,0,120,1529.912
106953,2025,Logan Begeman,SO,Hope,5,1504.5001,1504.5001,3.5099659801200676,21,0,121,1530.2121
81116,2025,John Urciuoli,JR,Emory,5,1481.3006,1481.3006,24.80595006311186,7,0,122,1530.2122
101994,2025,Dylan Cote,SO,Wesleyan,4,1503.702,1503.702,5.633420654352856,21,0,123,1530.6123
97988,2025,Isaac Cohen,SO,U. Of Chicago,5,1509.6039999999998,1509.6039999999998,8.564148992772223,50,0,124,1530.9124000000002
68308,2025,Caden Hildenbrand,JR,George Fox,6,1452.0,1485.7035,22.810378467127595,35,0,125,1531.0125
71904,2025,Joshua Stone,SR,Wis.-Platteville,5,1497.7021,1497.7021,33.47271192554323,21,0,126,1531.2126
106709,2025,Cameron Miles,SO,Middlebury,6,1515.4080000000001,1515.4080000000001,51.156511918392766,35,0,127,1532.1127
95586,2025,Sam Su,SO,John Carroll,5,1510.0011,1510.0011,18.29542444771024,64,0,128,1532.3128
119058,2025,Cedar Nichols-Barnhart,FR,Johns Hopkins,4,1471.0023,1471.0023,22.241442845114626,35,0,129,1533.0129
94541,2025,Jerry Xu,SO,Claremont-Mudd-Scripps,6,1484.6093999999998,1504.3002999999999,24.045738528941513,77,0,130,1533.513
82199,2025,Nathan Caldwell,JR,Dickinson,8,1495.0013,1495.0013,17.283051690239787,21,0,131,1533.7131
66439,2025,Aidan Armstrong,SR,North Central (Ill.),5,1514.9007000000001,1514.9007000000001,9.14629995725044,21,0,132,1533.9132000000002
71884,2025,Eli Doran,SR,St. Olaf,6,1532.6064,1540.2102,9.104080514450642,35,0,133,1534.2133000000001
123596,2025,Dylan Fiegener,FR,MIT,5,1500.8011999999999,1500.8011999999999,22.758203782636304,7,0,134,1534.4134000000001
69799,2025,Calvin Cummings,SR,Tufts,5,1475.8007,1475.8007,20.72336964868404,21,0,135,1534.5135
94900,2025,Luke Knestout,SO,Dickinson,8,1502.9058,1502.9058,15.308578418406485,35,0,136,1535.0136
65112,2025,Zachary Benner,SR,Oglethorpe,6,1469.9004,1469.9004,41.24607985671367,50,0,137,1535.5137
76521,2025,Thomas Franklin,JR,Washington And Lee,5,1508.3055,1511.8015,26.817853267881045,7,0,138,1536.5138
62893,2025,Joseph Chukoskie,SR,Lebanon Valley,6,1507.1019999999999,1507.1019999999999,30.058793879592574,56,0,139,1537.2139
88531,2025,Benjamin Hughes,JR,Middlebury,6,1469.1019,1469.1019,34.144689734227576,35,0,140,1537.514
105623,2025,Max Voss,SO,Wis.-Platteville,5,1486.8018,1486.8018,50.61498119983851,21,0,141,1537.5141
69840,2025,Jacob Cobb,SR,MIT,5,1483.5007,1483.5007,29.478527073217197,7,0,142,1537.9142000000002
77913,2025,Noah Bender,JR,U. Of Chicago,4,1472.0004,1502.3027,14.85234101185738,50,0,143,1538.6143
100371,2025,William Dunaway,SO,Washington And Lee,5,1492.7012,1492.7012,28.022432745124075,7,0,144,1538.7144
85724,2025,Noah Mahoney,JR,Wesleyan,5,1486.9035000000001,1486.9035000000001,14.290267798487818,35,0,145,1539.0145
62098,2025,Louka Fetter,SR,Messiah,7,1478.7015000000001,1499.5008,22.04198976738614,35,0,146,1539.3146
80223,2025,Adam Kollgaard,JR,Carnegie Mellon,6,1484.701,1484.701,18.994745733554858,71,0,147,1539.3147
86392,2025,Cole Stencel,JR,St. John'S (Minn.),6,1526.5004,1526.5004,17.61791456637252,21,0,148,1539.7148
112019,2025,Simon Lane,FR,Haverford,6,1471.1003999999998,1471.1003999999998,40.70951826394534,21,0,149,1539.8148999999999
62358,2025,Hale Behan,SR,Claremont-Mudd-Scripps,6,1495.0065,1495.0065,21.158777148771865,56,0,150,1540.2150000000001
102923,2025,Andrew Namatka,SO,Lebanon Valley,6,1515.6011999999998,1515.6011999999998,30.25137507185513,35,0,151,1540.3151
88600,2025,Max Sporaa,JR,Wis.-Platteville,5,1510.1034,1510.1034,19.020569098888732,21,0,152,1540.5152
99384,2025,Sean Heetland,SO,Wis.-Stevens Point,5,1502.4027,1502.4027,19.53588044287735,21,0,153,1540.6153
68826,2025,Paul Hobbs,SR,Coast Guard,6,1497.6009999999999,1497.6009999999999,17.130714578370664,63,0,154,1541.3154
69200,2025,Dan Anderson,SR,Wis.-Whitewater,5,1434.4004,1434.4004,39.06816659304096,21,0,155,1542.7155
98485,2025,Ryan Van-de-Berghe,SO,Emory,5,1482.5008,1482.5008,18.788507943059273,7,0,156,1543.0156
83444,2025,Jack Elfenbaum,JR,Occidental,4,1492.0007,1492.0007,20.20056367163728,63,0,157,1543.2157
126356,2025,Jacob Bach,SO,Cornell College,4,1474.2003,1474.2003,15.266670809806643,21,0,158,1543.2158
95716,2025,Connor Hitt,SO,Suny Geneseo,5,1514.8206,1514.8206,24.86928979198244,50,0,159,1543.8159
63197,2025,Patrick Russell,SR,St. Lawrence,6,1511.5071,1511.5071,19.51250782143597,35,0,160,1544.016
75048,2025,Will Wise,SR,Wesleyan,4,1528.0028,1572.6077,11.908501452417195,21,0,161,1544.4161000000001
71163,2025,Mike Brown,SR,Wis.-Stevens Point,5,1486.6018,1491.7019,24.736818887367004,21,0,162,1544.9162000000001
71875,2025,Paul Proteau,SR,Wis.-Oshkosh,6,1486.0017,1486.0017,43.46255848527045,21,0,163,1544.9163
104052,2025,Andrew Thaler,SO,Wis.-Eau Claire,6,1508.8032,1508.8032,27.61275122163772,21,0,164,1545.1163999999999
71893,2025,Trent Chadwick,SR,Wis.-Oshkosh,6,1498.8023,1498.8023,33.19927832204677,21,0,165,1545.3165
69207,2025,Alex Metko,SR,Wis.-Whitewater,5,1500.7029,1501.2026,21.57208853273134,21,0,166,1545.5166
111369,2025,Charlie Houck,FR,Washington U.,6,1488.8101,1488.8101,27.30808495321489,57,0,167,1545.9167
89025,2025,Jack Czarnecki,JR,RPI,5,1518.8038,1527.6016,5.160725934439827,63,0,168,1546.5168
73997,2025,Chris Gould,SR,Colby,6,1485.0009,1485.0009,18.87072005985993,7,0,169,1546.5169
111371,2025,Rishi Shadaksharappa,FR,Washington U.,6,1523.7018,1523.7018,19.237925873295186,21,0,170,1546.517
81844,2025,Alex Bjork,JR,St. Olaf,5,1526.2091,1526.2091,18.75512615293482,35,0,171,1546.8171
63323,2025,Axel Klomparens,SR,Colorado College,6,1487.7017,1513.8002999999999,16.775257167195864,21,0,172,1547.3172
96500,2025,Elias Kretchmar,SO,Hope,5,1515.5009,1515.5009,10.077181019828993,7,0,173,1548.4173
64687,2025,Matt Granizo,SR,TCNJ,7,1494.4045,1494.4045,10.216139301595273,35,0,174,1549.1173999999999
63191,2025,Nicholas Lyndaker,SR,St. Lawrence,6,1460.0004,1484.9013,11.616906917178921,50,0,175,1549.4175
123674,2025,Grant Musick,SO,U. Of Chicago,5,1508.5038,1508.5038,13.232722653271344,50,0,176,1550.0176
121918,2025,Ethan Sholk,FR,Middlebury,6,1498.9051000000002,1498.9051000000002,25.483582351219503,35,0,177,1550.2177000000001
101992,2025,Keiyu Mamiya,SO,Williams,6,1506.8002999999999,1513.1025,22.634035156427622,21,0,178,1550.4178000000002
105233,2025,Ari Elmayan,SO,North Central (Ill.),6,1513.6006,1513.6006,60.55870254262254,21,0,179,1550.9179000000001
77720,2025,Cohen Manges,JR,Swarthmore,6,1481.1006,1484.8005,17.08422749863152,7,0,180,1551.518
94549,2025,Pierce Clark,SO,Claremont-Mudd-Scripps,6,1465.4031,1465.4031,49.564379593371626,56,0,181,1552.8181
98114,2025,Huck Oakes,SO,NYU,5,1483.3033,1483.3033,25.44319347655873,35,0,182,1553.1182
95724,2025,Thomas Blake,SO,Suny Geneseo,7,1508.7065,1508.7065,19.616598960977715,35,0,183,1553.4183
96625,2025,York Bourgeois,SO,Carnegie Mellon,6,1509.7017,1509.7017,21.93076665149664,35,0,184,1554.0184
99397,2025,Martin Kimmel,SO,Wis.-Stevens Point,5,1503.1028999999999,1503.1028999999999,18.20203941160449,21,0,185,1554.4185
77025,2025,Cannon Powell,JR,Pfeiffer,6,1505.0013,1505.0013,23.120893060942876,7,0,186,1554.5186
78978,2025,Ryan Weber,JR,Misericordia,7,1512.4008000000001,1512.4008000000001,36.666577526880225,42,0,187,1554.6187
106421,2025,Malachi Kurth,SO,Wis.-Stevens Point,5,1492.702,1492.702,24.653035393882075,21,0,188,1555.5188
84794,2025,Rhys Phelps,JR,Rose-Hulman,6,1538.8085999999998,1538.8085999999998,36.24577332504303,50,0,189,1555.7189
91360,2025,Lukas Walko,JR,Lebanon Valley,6,1515.4011,1515.4011,25.118896191778244,35,0,190,1555.819
71164,2025,Ryan Rininger,SR,Wis.-Stevens Point,5,1506.7031,1506.7031,25.984879847280396,21,0,191,1556.2191
68822,2025,Thomas Stephens,SR,Amherst,5,1519.4085,1519.4085,12.856338502563622,35,0,192,1556.5192
91402,2025,Randy White,JR,Lynchburg,5,1487.3006,1490.6010999999999,29.47301952273476,7,0,193,1557.2193
77237,2025,Bennett Melita,JR,Utica,8,1468.9005000000002,1504.6005,25.643155285603978,7,0,194,1558.7194
106952,2025,Ben Lorenz,SO,Washington U.,6,1528.9033000000002,1528.9033000000002,26.949199065397032,7,0,195,1559.0195
91291,2025,Ander Julian,SR,Wartburg,5,1453.4007000000001,1453.4007000000001,20.41584649497537,21,0,196,1559.4196000000002
67357,2025,Lance Miller,SR,Knox,7,1468.7002,1468.7002,42.7942461930854,21,0,197,1559.6197
91922,2025,Tiernan Colby,JR,Pomona-Pitzer,5,1496.007,1496.007,35.44968194798933,35,0,198,1559.8198
96501,2025,Cooper Jacobsen,SO,Hope,5,1529.3008,1529.3008,29.739000355869425,21,0,199,1560.9199
92152,2025,Avery Smart,JR,Tufts,5,1496.6048999999998,1496.6048999999998,14.933165899379867,35,0,200,1561.72
94554,2025,Jacob Pippel,SO,Claremont-Mudd-Scripps,6,1481.0046,1481.0046,23.102545468657606,56,0,201,1561.9201
71713,2025,Zach Utz,JR,Middlebury,5,1523.4089000000001,1523.4089000000001,19.23530557704759,35,0,202,1563.3201999999999
61993,2025,Jacob Clouse,SR,Ohio Northern,6,1481.8029999999999,1506.7006000000001,35.167142074878925,7,0,203,1563.5203
123840,2025,Jack Galminas,FR,North Central (Ill.),5,1500.3003999999999,1500.3003999999999,22.13744284804377,21,0,204,1563.5204
70208,2025,Ian Barnes,SR,Wis.-Eau Claire,6,1500.3024,1500.3024,29.476958395310874,21,0,205,1563.5205
88386,2025,Kevin Matthews,SR,TCNJ,7,1489.9009,1489.9009,20.10099317383098,7,0,206,1564.9206000000001
66376,2025,Jonathan Harlow,SR,Hope,6,1526.7014000000001,1526.7014000000001,15.854426766225226,7,0,207,1565.0207
81374,2025,William Wadsley,SO,Central College,7,1462.901,1462.901,42.727033346403985,21,0,208,1565.2208
66363,2025,Lucas Guidone,SR,Hope,5,1505.7061,1524.9007000000001,19.318868359404494,21,0,209,1565.7209
88601,2025,Paul Pfeifer,JR,Wis.-Platteville,5,1504.203,1504.203,80.24154107996681,21,0,210,1566.321
106954,2025,Cameron Sidebotham,SO,Lynchburg,6,1525.3026,1531.4096000000002,36.42514269041203,35,0,211,1566.4211
69516,2025,Ryan Hardiman,SR,Williams,7,1486.0023,1506.7063,18.562245221453875,35,0,212,1566.5212
97262,2025,Cooper Gundersen,SO,St. Olaf,6,1558.0045,1558.0045,23.810050355545233,7,0,213,1566.8213
102925,2025,Wyatt Leitzel,SO,Lebanon Valley,6,1548.7053,1548.7053,16.62045667330373,35,0,214,1567.6214
67605,2025,Connor Oiler,SR,Johns Hopkins,5,1476.1028999999999,1476.1028999999999,26.057274151729775,35,0,215,1567.8215
89405,2025,Jack Crum,JR,Bates,5,1506.4016000000001,1506.4016000000001,25.119455567077857,7,0,216,1568.0216
96569,2025,Jack Weddle,SO,Lynchburg,6,1527.802,1527.802,26.249622081993902,7,0,217,1568.2217
59854,2025,Eric Shelton,SR,Lebanon Valley,6,1517.2016,1517.2016,27.8004731998696,35,0,218,1569.5218
84783,2025,Eduardo del-Rosal,JR,Rose-Hulman,6,1536.8099,1543.2025,17.743179416485642,7,0,219,1570.6218999999999
95693,2025,Moksh Patwari,SO,TCNJ,6,1518.4018,1518.4018,25.291813086530613,7,0,220,1570.822
89403,2025,Danny Reyes,SR,Colby,6,1507.9018,1507.9018,36.42532875502984,7,0,221,1570.9221
121778,2025,Ian Sharp,FR,Pomona-Pitzer,5,1502.9081,1502.9081,32.41188659495149,56,0,222,1571.2222000000002
77774,2025,Joey Wilson,JR,Desales,7,1489.3008,1489.3008,33.924233509330065,7,0,223,1571.2223000000001
76523,2025,Jackson Kodenski,SO,Washington And Lee,5,1494.3041,1529.0021,17.916764778340962,7,0,224,1571.5224
104047,2025,Jack Nelson,SO,Wis.-Eau Claire,6,1520.6042,1520.6042,29.587505563483525,21,0,225,1572.6225
80219,2025,Matthew Short,JR,Carnegie Mellon,5,1479.0005,1479.0005,32.97035263963477,71,0,226,1573.2226
95721,2025,Liam Sakakeeny,SO,Rochester,6,1531.5014,1531.5014,16.7809126358639,7,0,227,1573.5227
69525,2025,Rick Yanashita,SR,Williams,5,1456.8006,1456.8006,33.3768610408,35,0,228,1574.1227999999999
80226,2025,Nathan Massie,JR,Carnegie Mellon,5,1516.9011,1516.9011,29.108624191412247,42,0,229,1575.8229
69210,2025,Tucker Johnson,SR,Wis.-Whitewater,4,1505.1032,1514.7036,42.657122805539444,21,0,230,1576.1229999999998
121620,2025,Aiden Moore,FR,Hope,6,1509.3002999999999,1509.3002999999999,15.276427106493236,21,0,231,1576.4231000000002
81380,2025,Colby Cryer,JR,Loras,5,1533.3041,1533.3041,35.8452671022619,21,0,232,1576.7232000000001
67356,2025,Karan Shetty,SR,Benedictine (Ill.),6,1504.6024,1504.6024,35.62314810589315,7,0,233,1578.0233
89419,2025,Liam McGoldrick,SR,Colby,5,1549.2117,1549.2117,12.594954570853899,35,0,234,1578.1234
95728,2025,Joe Berry,SO,Rochester,6,1532.9015000000002,1532.9015000000002,25.36055126395862,7,0,235,1578.7235
84584,2025,Cameron Thompson,SR,UMass Dartmouth,7,1491.4012,1491.4012,20.777208817682908,63,0,236,1578.9236
85393,2025,Harrison Talcott,JR,Amherst,5,1538.4073,1539.6042,14.26990570910941,21,0,237,1580.0237
66836,2025,Ryan McGrath,JR,Loras,6,1496.8021999999999,1496.8021999999999,19.920813264570196,21,0,238,1580.1237999999998
111370,2025,Gavin O'Connor,FR,Washington U.,5,1504.9142000000002,1504.9142000000002,22.109460735847826,57,0,239,1580.3238999999999
67604,2025,Rowan Cassidy,SR,Johns Hopkins,5,1473.8028,1473.8028,39.258823784346866,35,0,240,1580.6239999999998
102368,2025,Eli Ziegler,SO,Colby,6,1527.2024000000001,1527.2024000000001,15.699663952276165,49,0,241,1582.0241
102364,2025,Stephen White,SO,Colby,6,1495.1046999999999,1495.1046999999999,21.21160580167382,35,0,242,1584.0242
86165,2025,Keegan Bratt,JR,Wis.-Whitewater,5,1511.3037,1521.7043,29.760131329992454,21,0,243,1584.4243000000001
94557,2025,Jonas Rickert,SO,Claremont-Mudd-Scripps,6,1517.5006,1517.5006,15.482626859743561,77,0,244,1584.7244
93185,2025,Will Boschen,JR,Rose-Hulman,5,1533.6078,1533.6078,34.54568661153515,50,0,245,1585.9245
81504,2025,Nolan Crooks,JR,North Central (Ill.),6,1533.6009,1533.6009,78.71708741067069,21,0,246,1587.0246
125913,2025,Alex Blumen,FR,Wesleyan,4,1558.3063,1558.3063,12.72699785129527,21,0,247,1588.0247
103108,2025,Vincent Mangat,SO,Colorado College,6,1505.203,1517.8003999999999,20.745210583302246,21,0,248,1588.1247999999998
61060,2025,Tyler Schermerhorn,SR,Wartburg,5,1444.1003999999998,1444.1003999999998,19.891545859786856,21,0,249,1589.5249
56723,2025,James Catania,SR,Rochester,3,1474.6006,1519.9003,3.0514106912486114,63,0,250,1590.525
82000,2025,Jackson Burger,JR,RIT,7,1505.2007,1505.2007,29.50375576973208,42,0,251,1591.6251
65013,2025,Sawyer Helms,SR,Pfeiffer,6,1489.401,1489.401,12.093142935702543,7,0,252,1592.7252
78831,2025,Evan Melito,JR,TCNJ,6,1541.4013,1541.4013,3.729953597888261,63,0,253,1592.9253
69067,2025,Brinson Wyche,SR,WPI,6,1503.9014000000002,1503.9014000000002,30.379551320886833,7,0,254,1593.4254
106781,2025,Thomas Manson,SO,RPI,5,1476.0111,1476.0111,24.206082365174268,50,0,255,1596.5255
84790,2025,Chris Lynn,JR,Rose-Hulman,6,1540.0089,1540.0089,15.654183459944479,50,0,256,1597.0256
69209,2025,Jonah Block,SR,Wis.-Whitewater,5,1519.904,1519.904,36.87310226069946,21,0,257,1597.9257
79488,2025,Dillon Hach,JR,Baldwin Wallace,6,1522.8011999999999,1522.8011999999999,45.3650718533543,49,0,258,1598.1257999999998
70205,2025,Cooper Feltz,SR,Wis.-Eau Claire,5,1526.7050000000002,1526.7050000000002,23.06542226768023,21,0,259,1599.7259000000001
88604,2025,Matt Tippel,JR,Wis.-Platteville,5,1517.1037,1517.1037,26.867923515418962,21,0,260,1600.626
111629,2025,Brennan Tobin,FR,Claremont-Mudd-Scripps,6,1495.5067,1495.5067,31.40775251057546,56,0,261,1601.6261
69219,2025,Brandon Massman,SR,Wis.-Whitewater,5,1512.3035,1512.3035,31.057112538650443,21,0,262,1604.7262
89420,2025,Henry Reichle,JR,Colby,6,1501.8056,1501.8056,14.694971127375547,35,0,263,1606.2263
95694,2025,Phil Pace,SO,TCNJ,6,1526.4006000000002,1526.4006000000002,39.33176112093629,21,0,264,1608.4264
84788,2025,John Gries,JR,Rose-Hulman,6,1586.9177000000002,1586.9177000000002,17.321794080798814,35,0,265,1609.1264999999999
62895,2025,Samuel Rothstein,SR,Lebanon Valley,2,1541.7034,1595.3012999999999,14.00055000000009,77,0,266,1611.8265999999999
62357,2025,Hayden Beauchemin,JR,Claremont-Mudd-Scripps,6,1457.6020999999998,1457.6020999999998,18.80416403509848,56,0,267,1616.3266999999998
112687,2025,Lincoln Brewer,FR,Colorado College,6,1549.8011999999999,1549.8011999999999,19.675578776832378,21,0,268,1617.8268
102367,2025,Greydon Gavin,SO,Colby,6,1564.2046,1564.2046,15.822060954806101,7,0,269,1619.0269
85725,2025,Zach Allen,JR,Wesleyan,4,1537.9041000000002,1537.9041000000002,16.16905424658125,21,0,270,1619.527
101202,2025,Matt Andreano,SO,Wis.-Whitewater,5,1509.0033,1509.0033,48.881362578332464,21,0,271,1619.7271
104054,2025,Troy Verstrate,SO,Wis.-Eau Claire,5,1524.2046,1524.2046,50.73506342215016,21,0,272,1620.0272
87725,2025,Aidan Riggle,JR,Lynchburg,6,1497.605,1497.605,29.8033537161508,35,0,273,1622.2273
82207,2025,Derek Kendig,JR,Elizabethtown,6,1488.5005,1488.5005,31.802831637450137,21,0,274,1623.5274
121920,2025,Nathan Szubin,FR,Middlebury,6,1535.7012,1535.7012,27.278004419398478,35,0,275,1624.7275
66838,2025,Logan Hoger,SR,Loras,6,1538.6045,1538.6045,35.101013783792666,21,0,276,1628.9276
85394,2025,Parker Boyle,JR,Amherst,4,1491.7017,1491.7017,18.72410184803412,50,0,277,1629.1277
111555,2025,Gavin Stewart,FR,Wis.-Eau Claire,6,1526.2049,1526.2049,40.133958606591,21,0,278,1629.1278
91039,2025,Ignatius Fitzgerald,SR,St. Olaf,4,1491.503,1560.5012,12.163838815933106,21,0,279,1630.7279
96568,2025,Alex Paciello,SO,Lynchburg,6,1495.0046,1495.0046,25.336592465888117,35,0,280,1632.028
78826,2025,Brandon Chen,JR,TCNJ,6,1465.3001,1465.3001,48.53633441105331,7,0,281,1632.4281
82213,2025,Will Inglis,JR,Elizabethtown,6,1508.7007,1508.7007,35.65990925689517,21,0,282,1633.2282
112698,2025,Zach McNaul,FR,Colorado College,6,1548.1010999999999,1548.1010999999999,28.748992032267704,21,0,283,1633.5283
103112,2025,Diego Escalante,SO,Colorado College,6,1520.1006,1520.1006,37.92921308682207,21,0,284,1636.1283999999998
94558,2025,Nate Wehner,SO,Pomona-Pitzer,5,1507.6085999999998,1507.6085999999998,35.89274349505203,56,0,285,1638.5285
84366,2025,Nathan Evans,JR,Roger Williams,5,1531.5032,1546.4031,44.10754086343967,7,0,286,1642.3286
71714,2025,Harry Griff,SR,Middlebury,4,1532.4063,1567.7138,31.581552516421738,35,0,287,1645.1287
76524,2025,Wyatt Benjamin,JR,Washington And Lee,5,1562.401,1570.0198,24.620653126084953,50,0,288,1654.2288
94983,2025,Aiden Ruiz,SO,Loras,6,1545.4049,1545.4049,23.54185941725665,21,0,289,1688.5289
117906,2025,Everett Mosher,SR,WPI,6,1468.3018,1468.3018,21.946246614161577,35,0,290,1741.429
76528,2025,Robert Cooper,JR,Washington And Lee,4,1473.3002999999999,1473.3002999999999,24.365648443492617,7,0,291,1843.2291
