Athlete ID,Year,Athlete Name,Athlete Class,School,Number of Races Run,Personal Record,Season Record,Consistency,Days since Season PR,All-American
2654,2021,Luke Wilson,GR,Berea,4,1490.1,1490.1,18.578123335435905,7,0
3238,2021,Joe Freiburger,GR,Wartburg,5,1456.8,1456.8,29.142587393709583,35,0
3239,2021,Christopher Collet,GR,Wartburg,5,1461.4,1461.4,27.106264958492527,35,0
3240,2021,Alec Ille,GR,Wartburg,4,1496.7,1496.7,14.526247794939994,7,0
3250,2021,Matt Heinzman,GR,Wartburg,4,1513.5,1513.5,29.504353492323805,35,0
3260,2021,Morgan Shirley-Fairbairn,GR,Wartburg,5,1481.1,1481.1,19.954147438565265,7,0
3370,2021,Jack Ennis,GR,TCNJ,5,1519.0,1519.0,39.346410255574746,21,0
3982,2021,Logan Singer,GR,Case Western,5,1523.0,1533.9,31.055794950379223,7,0
3985,2021,Bill Daily,GR,Otterbein,6,1490.9,1490.9,46.70501472004905,35,0
3990,2021,Cal Yackin,GR,Grand Valley St.,6,1479.1,1479.1,32.551706560486195,35,0
4045,2021,Nathan Craft,GR,Otterbein,6,1533.8,1533.8,36.48314679410208,35,0
4726,2021,Trey Razanauskas,GR,Case Western,6,1448.0,1482.7,40.51791702444734,7,0
4729,2021,Liam Galligan,GR,Franciscan (Ohio),8,1477.0,1488.5,53.20806705754307,7,0
4733,2021,Jeff Joseph,GR,Mount Union,4,1477.0,1488.9,13.567332088513181,7,0
4734,2021,Jamie Dailey,GR,John Carroll,4,1455.0,1493.2,26.520027809186054,7,0
4759,2021,Luke Guttormson,GR,Loras,4,1487.0,1491.6,35.20088382728798,35,0
4774,2021,Robert St.-Clair,GR,Case Western,6,1471.0,1524.0,56.71654432350405,7,0
4781,2021,Gage Beireis,GR,Otterbein,6,1495.7,1495.7,47.16132313665509,35,0
4792,2021,Jared Briant,GR,Rhodes,3,1533.6,1533.6,18.017213991069767,7,0
4804,2021,Andrew Miner,GR,John Carroll,4,1492.2,1492.2,33.44602928600043,50,0
4810,2021,Joey Schultz,GR,Loras,5,1492.1,1492.1,34.309938428974235,35,0
4817,2021,Jackson Donahue,GR,Bates,5,1512.8,1512.8,23.462992136554117,35,0
4826,2021,Jason Mehalic,GR,Otterbein,6,1501.5,1501.5,22.70166513716561,35,0
4843,2021,Ryan Smith,GR,Bates,5,1565.0,1565.0,60.29691202706817,35,0
5121,2021,Stevie Steinberg,GR,Claremont-Mudd-Scripps,5,1454.0,1474.6,21.561391420778044,21,0
5122,2021,Kyril van Schendel,GR,Claremont-Mudd-Scripps,5,1451.0,1482.0,22.422185442101718,63,0
5124,2021,Will Kimball,GR,Claremont-Mudd-Scripps,5,1468.0,1520.6,24.82808087629812,21,0
5130,2021,Henry Pick,GR,Claremont-Mudd-Scripps,5,1464.7,1464.7,29.092170768094967,21,0
5141,2021,Evan Hassman,GR,Claremont-Mudd-Scripps,5,1532.1,1532.1,5.376616036132801,21,0
5208,2021,Ethan Widlansky,GR,Pomona-Pitzer,5,1450.0,1450.0,19.72598286524655,63,0
5212,2021,Gabriel Pommier,GR,North Central (Ill.),5,1472.7,1472.7,14.40668247723949,35,0
5218,2021,Dante Paszkeicz,GR,Pomona-Pitzer,4,1473.7,1473.7,20.943614778733867,35,0
5220,2021,Jacob Ridderhoff,GR,Washington U.,4,1477.3,1477.3,37.63856898183036,49,0
5221,2021,Dalton Martin,GR,Wartburg,4,1478.1,1478.1,42.099643703955515,35,0
5225,2021,Connor Dolan,GR,Wis.-Eau Claire,6,1492.9,1492.9,25.957893254696568,7,0
5229,2021,Cody Chadwick,GR,Wis.-Oshkosh,3,1489.0,1502.7,26.999753085290756,7,0
5230,2021,Sam Pinkowski,GR,Wartburg,5,1472.0,1472.0,22.934306180915925,35,0
5231,2021,Cy Chittenden,GR,U. Of Chicago,6,1495.6,1495.6,39.67233796992561,7,0
5235,2021,Patrick Norrick,GR,Washington U.,5,1482.3,1482.3,54.71560654877183,35,0
5236,2021,Charlie Nevins,GR,U. Of Chicago,6,1517.3,1517.3,26.067374244445915,7,0
5237,2021,Tyler Osen,GR,Wis.-Eau Claire,5,1496.0,1496.0,22.943548112704804,7,0
5243,2021,Kyle Bell,GR,North Central (Ill.),4,1495.0,1502.3,24.405378505567224,7,0
5246,2021,Jack Rosencrans,GR,Pomona-Pitzer,4,1479.1,1479.1,17.90773226849233,35,0
5247,2021,Ryan Vreeke,GR,Calvin,3,1470.0,1519.9,6.164594246357319,7,0
5259,2021,Andrew Rathkamp,GR,Wis.-Oshkosh,4,1552.0,1571.4,45.14146514015685,7,0
5266,2021,Sam Craig,GR,Wisconsin,6,1469.4,1469.4,42.96540934286556,35,0
5268,2021,Julian Higueros,GR,North Central (Ill.),4,1484.3,1484.3,15.410602410894494,35,0
5269,2021,Connor Riss,GR,North Central (Ill.),4,1493.3,1493.3,27.435777280769724,7,0
5275,2021,Max Hill,GR,U. Of Chicago,6,1522.7,1522.7,52.36436192679139,7,0
5279,2021,Brandan Knepper,GR,Calvin,5,1482.6,1482.6,22.511916844196122,35,0
5282,2021,Nicholas Hoffman,GR,Hope,4,1487.5,1487.5,25.74503592928158,7,0
5291,2021,Steven Potter,GR,Wis.-Oshkosh,5,1503.3,1503.3,38.886223781694206,7,0
5294,2021,Brett Haffner,GR,Wis.-Eau Claire,6,1511.7,1511.7,61.24347584300984,7,0
5295,2021,Zach Yengo,GR,Wis.-Eau Claire,4,1533.0,1544.9,26.977027263951808,7,0
5302,2021,Andrew George,GR,Wis.-Oshkosh,5,1503.5,1503.5,48.10272341562377,7,0
5307,2021,Jeff Candell,GR,Washington U.,5,1509.5,1509.5,29.88065594996201,49,0
5317,2021,Mitchell Bradford,GR,Wis.-Oshkosh,5,1501.5,1501.5,43.074010725726495,7,0
5322,2021,Matt Kusak,GR,Washington U.,5,1496.8,1496.8,32.65048851089367,7,0
5329,2021,William Hofmann,GR,Calvin,4,1544.5,1544.5,29.6977271857629,22,0
5344,2021,Jackson Wichtendahl,GR,Wis.-Eau Claire,7,1549.1,1549.1,32.94812420895747,7,0
5355,2021,Michael Gille,GR,Augustana (Ill.),5,1494.9,1494.9,7.228443815926056,7,0
5371,2021,Joseph Kehoe,GR,Wis.-Oshkosh,5,1535.0,1535.0,28.312004521050802,7,0
5386,2021,Jake Petri,GR,Wis.-Eau Claire,6,1546.4,1546.4,23.822794872884984,36,0
5406,2021,Jason Ford,GR,Wis.-Oshkosh,5,1554.3,1554.3,47.29718807709397,7,0
5616,2021,Michael Ly,GR,Washington U.,5,1493.9,1493.9,40.486955924099775,35,0
6245,2021,Joel Bond,GR,Husson,7,1598.2,1598.2,63.141710109527075,7,0
6743,2021,Christopher Scharf,GR,Dickinson,5,1500.0,1522.0,14.448067921582645,21,0
6744,2021,Ryan Kredell,GR,Haverford,6,1505.0,1509.0,10.216408370851282,7,0
6750,2021,Peter Buckley,GR,Haverford,6,1530.0,1549.7,32.62563217778312,50,0
6751,2021,Charles Scharf,GR,Dickinson,5,1510.0,1548.0,21.381352207524746,35,0
6754,2021,Max Brelig,GR,Haverford,6,1502.0,1506.9,18.015895759023426,50,0
6760,2021,Aaron Bratt,GR,Haverford,5,1532.0,1534.6,30.281017155967586,50,0
6762,2021,Aidan Cantine,GR,Swarthmore,6,1499.0,1499.0,21.200869675558128,50,0
6763,2021,Jacob Dohery Munro,GR,Dickinson,4,1562.0,1600.9,16.16773192366678,35,0
6769,2021,Matthew Kleiman,GR,Johns Hopkins,5,1523.0,1523.0,24.63060849837045,64,0
6774,2021,Ian Spears,GR,Johns Hopkins,5,1555.0,1579.7,22.205784719302276,35,0
6778,2021,Nico Tripeny,GR,Haverford,6,1538.4,1538.4,30.223211278750632,50,0
8906,2021,Josh Fry,GR,Colorado College,6,1499.0,1499.0,55.797294339022876,35,0
9063,2021,Shane Houghton,GR,Moravian,7,1542.8,1542.8,76.93853130909122,7,0
9695,2021,David Fassbender,GR,Wis.-Whitewater,6,1457.0,1474.1,21.702585611447866,7,0
9698,2021,Ethan Gregg,GR,Wis.-La Crosse,4,1479.5,1479.5,31.93981645219645,21,0
9701,2021,Justin Krause,GR,Wis.-Whitewater,6,1504.0,1504.0,26.458269028793246,7,0
9702,2021,Kyle Neuroth,GR,Wis.-Whitewater,6,1504.4,1504.4,27.606666867906295,7,0
9703,2021,Michael Madoch,GR,Wis.-La Crosse,3,1571.0,1590.8,8.600000000000023,36,0
9705,2021,Conner Hackett,GR,Wis.-Whitewater,5,1545.0,1626.4,17.36023041321742,21,0
9708,2021,Ethan Thompson,GR,Wis.-La Crosse,4,1505.6,1505.6,25.090685522719404,7,0
10429,2021,Tucker Cargile,GR,Redlands,4,1473.0,1479.0,11.923180038153474,63,0
10435,2021,Paul McKinley,GR,Pomona-Pitzer,5,1497.4,1497.4,16.64264402070777,35,0
11466,2021,Colin Monaghan,GR,Puget Sound,6,1463.7,1463.7,34.098645134374465,35,0
11483,2021,Riley Stewart,GR,Pacific (Ore.),7,1482.0,1482.0,27.126719095550246,35,0
13034,2021,Drew Topoly,GR,Methodist,7,1495.0,1495.0,40.476584311809475,57,0
13427,2021,Jeffrey Love,GR,Connecticut College,5,1478.9,1478.9,27.295054497106225,35,0
13430,2021,Quin McGaugh,GR,Middlebury,6,1510.1,1510.1,47.814342920183385,49,0
13438,2021,Matt Carter,GR,Connecticut College,5,1477.2,1477.2,21.99259875503577,50,0
13452,2021,Collin O'Sullivan,GR,Tufts,6,1562.3,1562.3,47.274813590325266,35,0
13453,2021,Dalton Tanner,GR,Tufts,5,1584.3,1584.3,54.36664878397418,35,0
13462,2021,Max Cluss,GR,Middlebury,5,1526.0,1526.0,47.55824218786897,49,0
13467,2021,Luke Lorenz,GR,Middlebury,6,1566.3,1566.3,38.92247280028453,7,0
13479,2021,John Mieszczanski,GR,Bates,5,1591.8,1591.8,14.376091262926813,20,0
13480,2021,Oliver Printy,GR,Tufts,5,1582.0,1582.0,40.77593499847672,35,0
13699,2021,Tom Altier,GR,Luther,5,1490.7,1490.7,41.073294919637895,7,0
13700,2021,Will DeHaan,GR,Central College,7,1488.5,1488.5,40.29028005197615,7,0
13701,2021,Caleb Silver,GR,Central College,7,1485.8,1485.8,33.94533186692327,7,0
13765,2021,Andrew Stumbo,GR,Gustavus Adolphus,6,1499.2,1499.2,17.16384572291417,36,0
13772,2021,Tyler Cernohous,GR,Dubuque,7,1496.8,1496.8,45.776215166830895,7,0
13787,2021,Eliott Cassidy,GR,St. Olaf,6,1519.3,1519.3,21.377146675831195,7,0
13799,2021,Spencer Moon,GR,Simpson (Iowa),6,1485.2,1485.2,22.2476425717423,7,0
13801,2021,Isaac Wegner,GR,Wis.-La Crosse,4,1491.7,1491.7,24.797630935232505,7,0
13804,2021,Reuben Kosche,GR,St. Olaf,6,1540.0,1550.6,30.93800252117128,21,0
13820,2021,Derk Lyford,GR,St. Olaf,6,1556.0,1564.0,62.63457192317991,63,0
13887,2021,Chad Franz,GR,Wis.-La Crosse,4,1496.9,1496.9,33.68785946004879,7,0
15828,2021,Keanan Ginell,GR,Denison,6,1516.0,1516.8,22.44831563837255,7,0
15988,2021,Miles Takiguchi,GR,Vassar,7,1523.6,1523.6,13.343672657855462,35,0
15990,2021,Reed Dolan,GR,Vassar,7,1527.0,1533.9,13.049536390232412,35,0
15994,2021,Matthew Lecky,GR,RPI,6,1470.2,1470.2,25.128501746025343,50,0
15997,2021,Owen Szabo,GR,RPI,6,1539.0,1539.0,13.148475196767064,35,0
16006,2021,Johnathan Dean,GR,Vassar,7,1531.8,1531.8,18.272427315493704,42,0
16008,2021,Steven Spreizer,GR,RPI,6,1538.0,1538.0,23.014256451165224,50,0
16014,2021,Jack Casalino,GR,Vassar,7,1482.0,1548.0,16.621504143728973,35,0
16016,2021,Jason Gibbons,GR,RPI,6,1533.1,1533.1,31.13921000924721,50,0
16698,2021,Charlie Ferguson,GR,Haverford,5,1546.3,1546.3,20.199174900640585,50,0
16700,2021,Amos Karlsen,GR,Haverford,6,1572.4,1572.4,17.485476115908344,50,0
17635,2021,John O'Rourke,GR,Catholic,5,1538.9,1538.9,8.85141231668709,50,0
17648,2021,Christian Schaaf,GR,Elizabethtown,5,1582.6,1582.6,22.056946499660583,21,0
17732,2021,Aidan Ryan,GR,Williams,4,1432.9,1432.9,61.76699945943804,35,0
17733,2021,Elias Lindgren,GR,Williams,5,1482.0,1484.4,34.10684498748015,35,0
17748,2021,Ajay Sarathy,GR,Amherst,5,1533.2,1533.2,24.17574972984291,50,0
17749,2021,William Spollen,GR,Williams,5,1503.1,1503.1,35.89641346987192,35,0
17750,2021,Billy Massey,GR,Amherst,5,1186.0,1186.0,154.39560874584487,70,0
17751,2021,Braedon Fiume,GR,Amherst,5,1275.0,1275.0,149.55922739837888,70,0
17756,2021,Keon Mazdisnian,GR,Amherst,5,1234.0,1234.0,169.54713946274646,70,0
17758,2021,Owen Daily,GR,Amherst,6,1200.0,1200.0,131.54868908506842,70,0
18178,2021,Ben Santos,GR,Carleton,6,1472.6,1472.6,33.66652227691812,35,0
18182,2021,Henry Bowman,GR,Carleton,6,1493.4,1493.4,39.094575497546096,35,0
20195,2021,Miles Christensen,GR,Claremont-Mudd-Scripps,4,1461.0,1482.0,17.978667915059805,63,0
20201,2021,Adam Wilkinson,GR,Claremont-Mudd-Scripps,5,1486.0,1515.0,11.97537473317639,63,0
22869,2021,Andrew Yatsuhashi,GR,WPI,6,1606.7,1606.7,56.4975663192672,21,0
22992,2021,Matyas Csiki-Fejer,GR,Suffolk,6,1455.4,1455.4,31.96547942703188,49,0
22993,2021,David Reynolds,GR,WPI,6,1501.2,1501.2,52.705757512818224,35,0
22999,2021,Brian Brooks,GR,WPI,6,1518.0,1553.2,34.675018024508624,35,0
23003,2021,Logan Gaudette,GR,WPI,6,1557.0,1586.7,37.492290874258394,35,0
23007,2021,Tim Lautenbach,GR,Trinity (Conn.),7,1531.6,1531.6,31.579930335578663,42,0
23242,2021,Simon Heys,GR,Wilmington (Ohio),5,1480.4,1480.4,23.90966331841581,7,0
23705,2021,Harry Dudley,GR,Simpson (Iowa),5,1484.8,1484.8,31.141371196528922,7,0
26078,2021,Kevin Lauer,GR,Rowan,6,1507.0,1548.0,50.0039470664289,77,0
26079,2021,Chris Andersen,GR,Ramapo,6,1497.3,1497.3,15.682474294574849,21,0
26080,2021,Steven Fiumefreddo,GR,Ramapo,3,1505.7,1505.7,36.81313171500984,21,0
26351,2021,Evan Jamrozy,RS,Lewis,4,1505.0,1509.5,28.27976308245882,7,0
26352,2021,Ryan Harvey,GR,Loras,5,1493.6,1493.6,22.827108336361846,7,0
26353,2021,Will Yasdick,GR,Loras,6,1505.1,1505.1,43.97569328617801,35,0
26354,2021,Wyatt Kelly,GR,Loras,6,1483.4,1483.4,44.59551546960744,35,0
26481,2021,Tyler Amos,GR,Johns Hopkins,5,1540.0,1559.6,28.65021814925674,35,0
26881,2021,Bradshaw Lathbury,GR,Berry,6,1525.4,1525.4,49.830836057828876,7,0
27111,2021,Spencer Moore,GR,Emory,3,1501.0,1519.7,21.31639952920964,35,0
27114,2021,Brett Lucas,GR,Emory,5,1515.4,1515.4,19.166115934116643,35,0
27116,2021,John Cox,GR,Emory,5,1517.0,1545.3,13.540010155092208,7,0
27125,2021,Andrew Pahnke,GR,Vanderbilt,5,1568.2,1568.2,11.53559708034219,7,0
27147,2021,Justin Pecore,GR,Emory,5,1567.5,1567.5,19.163050383485437,35,0
27440,2021,Cameron Bensley,GR,Berry,6,1530.7,1530.7,26.703895887221314,35,0
27441,2021,Ben Hazelwood,GR,Rhodes,5,1526.7,1526.7,41.001608200166956,35,0
28259,2021,Matthew Karee,GR,Carnegie Mellon,5,1467.0,1535.3,22.683970111071794,35,0
28265,2021,Michael Obroin,GR,Carnegie Mellon,6,1471.0,1471.7,51.2692266374284,50,0
28270,2021,Riley Grossman,GR,Suny Geneseo,5,1496.3,1496.3,39.36523339191579,49,0
28275,2021,Ezra Ruggles,GR,Suny Geneseo,5,1450.3,1450.3,54.65414897333963,49,0
28276,2021,Nick Andrews,GR,Suny Geneseo,5,1485.2,1485.2,47.75795640518974,49,0
28280,2021,Maximillian Sparks,GR,Lynchburg,4,1484.0,1511.5,33.901659251428974,35,0
28286,2021,Bradley Farnham,GR,Suny Geneseo,5,1520.0,1537.5,33.925294398133076,7,0
28311,2021,Brennan Straits,GR,Lynchburg,3,1558.0,1596.9,7.685628724371757,35,0
28327,2021,Connor McCroy,GR,Lynchburg,4,1558.3,1558.3,35.16911820048947,7,0
28366,2021,Frank Csorba,GR,Lynchburg,3,1482.7,1482.7,44.249620211803894,35,0
28372,2021,Elijah Sech,GR,Carnegie Mellon,6,1523.5,1523.5,38.36474423217233,50,0
28548,2021,Andrew Meredith,GR,Bowdoin,4,1549.0,1572.7,11.5109730257698,35,0
29713,2021,Scott Sikorski,GR,Rochester,5,1539.8,1539.8,24.17770874173153,7,0
29718,2021,Aidan Mayer,GR,Vassar,7,1564.3,1564.3,16.778915340390725,42,0
30815,2021,Ben Timmons,GR,Suny Geneseo,6,1512.1,1512.1,47.18335688213238,49,0
30824,2021,Matthew Blauvelt,GR,Suny Geneseo,4,1538.0,1538.0,39.15209924129231,7,0
31577,2021,Ryan Cory,GR,Cortland St.,8,1527.7,1527.7,35.388537288627354,7,0
32846,2021,Jackson Hamilton,GR,St. Lawrence,6,1535.7,1535.7,24.776236094290027,7,0
32847,2021,George Gowdy,GR,St. Lawrence,7,1541.4,1541.4,35.41081190822937,7,0
33411,2021,Noah Cummisford,GR,Calvin,4,1528.0,1536.7,9.53388693031336,7,0
33452,2021,Alex Phillip,GR,North Carolina,5,1419.2,1419.2,29.38818810338602,50,0
33453,2021,Ian Pierson,GR,John Carroll,5,1470.0,1502.1,21.259294437962936,50,0
33455,2021,Jared Arnold,GR,John Carroll,4,1487.9,1487.9,35.16180456119961,50,0
33544,2021,Logan Horst,GR,Messiah,7,1538.2,1538.2,18.524728218129276,49,0
33857,2021,Tyler Morris,GR,Colby,4,1468.7,1468.7,11.903859668191602,20,0
33860,2021,Sam Gatti,GR,Tufts,5,1542.0,1551.4,47.78208346231877,20,0
33861,2021,Ewan Frick,GR,Colby,4,1518.0,1552.5,21.246529128307046,20,0
33867,2021,Ben Mellor,GR,Colby,4,1556.0,1558.6,4.925634476897433,49,0
33874,2021,Zander Kessler,GR,Middlebury,6,1505.4,1505.4,38.18989467850826,20,0
33876,2021,Travis Martin,GR,Trinity (Conn.),6,1499.3,1499.3,14.230491031584247,35,0
34073,2021,Munir Isahak,GR,Concordia-Moorhead,6,1490.2,1490.2,31.845682595918714,21,0
34793,2021,Seth Bywater,GR,SUNY Delhi,7,1546.7,1546.7,44.38569589406026,7,0
35689,2021,Andrew Mah,GR,MIT,4,1484.0,1503.1,29.707490637884604,35,0
35693,2021,John Reed,GR,RPI,6,1509.9,1509.9,25.036725025450064,7,0
35694,2021,Vedang Lad,GR,MIT,4,1506.9,1506.9,38.321493642602164,35,0
35696,2021,Sam Acquaviva,GR,MIT,4,1487.2,1487.2,33.757693567541004,35,0
35698,2021,Finn Jacobson-Schulte,GR,MIT,4,1513.4,1513.4,43.21327197748393,21,0
35699,2021,Ryan Wilson,GR,MIT,3,1493.5,1493.5,49.94505870342821,35,0
35717,2021,Matthew Kearney,GR,MIT,4,1490.5,1490.5,30.61408989338078,35,0
36843,2021,Michael Olson,GR,Plymouth State,7,1550.0,1559.8,24.918828222851904,42,0
38021,2021,Logan Bocovich,GR,Colo. Sch. Of Mines,6,1481.8,1481.8,42.138039821519946,7,0
38846,2021,Peter Weiss,GR,George Fox,5,1516.0,1516.0,11.23397624273,7,0
39236,2021,Danny Jagoe,GR,Ithaca,6,1527.0,1538.4,12.335088163446539,7,0
40647,2021,Ethan Carey,GR,Brockport St.,5,1531.0,1531.0,43.53980937027634,7,0
41018,2021,Luke Collins,GR,U. Of Chicago,5,1562.1,1562.1,25.663000603982436,35,0
42727,2021,Benjamin White,GR,Whittier,7,1454.5,1454.5,17.25714827735645,35,0
43509,2021,Vincent Giumenti,JR,Mount Union,4,1510.5,1510.5,18.785948871430485,7,0
43861,2021,Jason Cave,GR,Salisbury,6,1508.0,1508.0,48.68713040082223,21,0
43912,2021,Luke Witvliet,GR,Calvin,5,1546.6,1546.6,27.732839739197303,22,0
43914,2021,Nick Henz,GR,Calvin,5,1534.7,1534.7,30.852772970998885,35,0
43915,2021,Thaine Nederveld,GR,Calvin,4,1536.6,1536.6,27.918307165729107,22,0
44873,2021,Timothy Boyce,GR,St. Lawrence,7,1512.4,1512.4,30.327321015876066,49,0
45165,2021,Nicholas Garrett,GR,Elizabethtown,4,1537.7,1537.7,27.16652351700528,21,0
45969,2021,Mason Shea,GR,Wis.-Eau Claire,6,1523.4,1523.4,29.921550204938686,7,0
46552,2021,Julian Watson,GR,Loras,7,1511.4,1511.4,30.564135845791533,35,0
46787,2021,Joe Lemna,GR,U. Of Chicago,5,1523.8,1523.8,32.42568426417556,35,0
47279,2021,Benjamin Steeves,GR,WPI,5,1572.2,1572.2,40.75720795147772,21,0
47280,2021,Ryan Fischer,GR,WPI,6,1611.9,1611.9,22.24263923188968,21,0
47664,2021,Calvin Boone,GR,St. Scholastica,7,1500.1,1500.1,21.390147264570203,7,0
49080,2021,Colin McLaughlin,GR,Carnegie Mellon,5,1520.5,1520.5,34.07707257086499,50,0
49081,2021,Matthew Coyle,GR,Carnegie Mellon,5,1534.5,1534.5,24.295009775672064,50,0
49087,2021,Charlie Murphy,GR,Carnegie Mellon,6,1552.0,1552.0,35.76268446299856,50,0
49091,2021,Eamon Brady,GR,Carnegie Mellon,5,1594.8,1594.8,28.323962911287683,21,0
49750,2021,Dylan May,JR,Southern Virginia,5,1501.5,1501.5,31.978381369293874,21,0
50148,2021,Gavin McElhennon,GR,Johns Hopkins,5,1556.4,1556.4,28.17188314614415,35,0
50159,2021,Charlie Teeter,GR,Johns Hopkins,6,1589.2,1589.2,49.46151635362586,21,0
50160,2021,Arthur Beyer,GR,Johns Hopkins,4,1595.9,1595.9,13.34674325652346,35,0
50210,2021,Aidan Nathan,GR,Case Western,6,1567.1,1567.1,29.652210710164606,49,0
50216,2021,Ryan Champa,GR,John Carroll,5,1526.9,1526.9,20.183207748026508,21,0
50234,2021,Nate Gilbert,GR,Case Western,4,1558.0,1558.0,34.38971503225927,7,0
50506,2021,Tristan Olpin,GR,Emory,6,1570.8,1570.8,18.174113458433133,35,0
50508,2021,David Evans,GR,Emory,5,1553.1,1553.1,35.2791014624806,7,0
50852,2021,Will Kelly,GR,Montana State,6,1516.0,1516.0,17.879216985091936,7,0
50859,2021,David Lynn,GR,St. Olaf,6,1571.3,1571.3,22.917713673052106,21,0
50894,2021,Ian Curtis,GR,St. Olaf,5,1502.4,1502.4,16.690164768509575,7,0
50914,2021,Cullen Capuano,GR,Washington U.,5,1496.9,1496.9,24.55110740883182,35,0
50918,2021,Andrew Sidamon-Eristoff,GR,Washington U.,4,1497.7,1497.7,35.018217481127664,35,0
50983,2021,Benny Clark,GR,Vassar,7,1565.8,1565.8,19.277302715888425,42,0
51120,2021,Liam Walits,GR,Otterbein,6,1538.9,1538.9,99.40851070205204,35,0
51235,2021,Frankie Reid,GR,Lewis & Clark,6,1485.0,1485.0,66.17152257580297,58,0
51332,2021,Atticus Hempel,GR,Swarthmore,4,1546.0,1546.0,18.950000000000045,7,0
52258,2021,Lloyd Young,GR,St. John'S (Minn.),5,1483.2,1483.2,20.955011333807466,7,0
52296,2021,Colin Kachlic,SR,Grand Valley St.,5,1512.7,1512.7,13.01026037402789,7,0
52299,2021,Jonathan Olenek,GR,North Central (Ill.),4,1538.2,1538.2,15.590025301098397,35,0
52955,2021,Sam Llaneza,GR,Lynchburg,4,1534.1,1534.1,24.643305378946202,35,0
52958,2021,Bryce Davis,GR,Lynchburg,4,1620.7,1620.7,26.24341584093045,21,0
52959,2021,Sam Graham,GR,Lynchburg,4,1605.9,1605.9,31.72652675601283,7,0
53132,2021,Walter Wagude,GR,Tufts,6,1517.6,1517.6,38.7645508164354,20,0
53136,2021,Alex Friedman,GR,Tufts,6,1608.5,1608.5,23.72362535532881,35,0
53336,2021,Oliver Spiva,GR,Amherst,5,1226.0,1226.0,155.27159068870262,70,0
53337,2021,Nick Edwards-Levin,GR,Amherst,6,1228.0,1228.0,145.40039889904017,70,0
53549,2021,Charles Wilson,GR,Suny Geneseo,5,1510.7,1510.7,46.37665792184684,49,0
53765,2021,Ben Tiber,GR,Ithaca,6,1521.4,1521.4,19.309210237604233,49,0
53850,2021,Vince Simonetti,GR,RPI,6,1529.1,1529.1,20.55027007121806,50,0
53852,2021,Cory Kennedy,GR,Colorado St.,6,1541.2,1541.2,19.00753534785612,50,0
54089,2021,Gunner Schlender,GR,Wis.-Whitewater,6,1484.8,1484.8,20.82735914341733,7,0
54090,2021,Christian Patzka,GR,Wis.-Whitewater,6,1474.5,1474.5,25.347496041138964,7,0
54092,2021,Christian Seagren,GR,Wis.-Whitewater,6,1536.0,1536.0,50.75880875933426,7,0
55537,2021,Barrett Scheatzle,GR,John Carroll,4,1516.4,1516.4,22.80750972815753,7,0
55540,2021,Liam O'Reilly,GR,Case Western,4,1586.9,1586.9,16.611347777949806,7,0
55552,2021,John Nice,GR,Grand Valley St.,5,1494.9,1494.9,39.52983683244848,7,0
56052,2021,Henry Myers,GR,U. Of Chicago,5,1469.6,1469.6,27.65715820542671,35,0
56622,2021,Lucas Florsheim,GR,Minnesota,5,1452.0,1452.0,19.19464508658601,63,0
56625,2021,Derek Fearon,GR,Pomona-Pitzer,5,1488.6,1488.6,8.57074092479759,35,0
56626,2021,Colin Kirkpatrick,GR,Pomona-Pitzer,4,1474.4,1474.4,12.173434190892861,35,0
56685,2021,Samuel Kartsonis,GR,Bates,5,1572.9,1572.9,10.88900362751337,49,0
56686,2021,Victor Kering,GR,Bates,5,1599.6,1599.6,12.246893483655356,35,0
56687,2021,Colin Thoman,GR,Bates,4,1611.9,1611.9,17.277297242335052,20,0
56688,2021,Ned Farrington,GR,Maine,5,1576.9,1576.9,15.994574079980977,35,0
56694,2021,Enock Musyoka,GR,Tufts,6,1601.8,1601.8,59.927113136616946,20,0
56722,2021,Ryan Tobin,GR,NYU,5,1534.3,1534.3,60.606092103022156,50,0
56786,2021,Alec Gironda,GR,Middlebury,6,1529.6,1529.6,41.31495895354774,7,0
56787,2021,Drew Donahue,GR,Middlebury,6,1493.3,1493.3,47.66293983099799,49,0
56791,2021,Ziggy Goddard,GR,Middlebury,5,1568.9,1568.9,61.30737639142615,7,0
56851,2021,Jarrett Gulden,GR,WPI,4,1605.2,1605.2,57.597439179185706,35,0
56876,2021,Anthony Rodriguez,GR,Babson,5,1521.0,1521.0,30.089730390948972,49,0
57251,2021,Parker Huhn,GR,Wis.-La Crosse,4,1490.4,1490.4,25.47091478529969,7,0
57252,2021,Corey Fairchild,GR,Wis.-La Crosse,4,1508.7,1508.7,20.833026664409537,7,0
57370,2021,Grahm Tuohy-Gaydos,JR,Williams,5,1495.5,1495.5,42.65890879992127,7,0
57371,2021,John Lucey,GR,Williams,4,1502.0,1502.0,36.13321033189397,35,0
57372,2021,Charles Namiot,GR,Williams,5,1533.7,1533.7,32.33592236198,35,0
57375,2021,Nate Lentz,GR,Williams,5,1552.4,1552.4,38.30450365165956,35,0
58145,2021,John Hood,GR,Bowdoin,5,1563.4,1563.4,9.402127418834503,20,0
58361,2021,Reid Kovacs,GR,MIT,4,1530.7,1530.7,41.65179317868559,21,0
58679,2021,Keegan Gleason,GR,Colby,4,1577.3,1577.3,16.242074990591547,20,0
58681,2021,Liam Carcich,GR,Colby,4,1567.3,1567.3,49.99222439539978,20,0
58683,2021,Gordon Doore,GR,Colby,4,1595.4,1595.4,19.8913926108757,7,0
58691,2021,Quinn Potter,GR,Colby,4,1588.6,1588.6,59.30482695363003,20,0
77914,2021,Jack Begley,GR,U. Of Chicago,6,1474.7,1474.7,25.989951904534166,49,0
2654,2022,Luke Wilson,GR,Berea,7,1478.1,1478.1,53.06932572902484,7,0
3239,2022,Christopher Collet,GR,Wartburg,6,1427.5,1427.5,26.69197632248316,35,0
3260,2022,Morgan Shirley-Fairbairn,GR,Wartburg,5,1456.4,1456.4,28.37099927743117,35,0
3982,2022,Logan Singer,GR,Case Western,4,1502.9,1502.9,26.249607139917295,7,0
3985,2022,Bill Daily,GR,Otterbein,6,1473.7,1473.7,54.0082215963459,35,0
3988,2022,Joe Backus,GR,John Carroll,5,1472.3,1472.3,92.88333757999872,7,0
3990,2022,Cal Yackin,GR,Grand Valley St.,6,1430.0,1430.0,44.30840100928944,35,0
4045,2022,Nathan Craft,GR,Otterbein,6,1486.4,1486.4,64.63559390923855,7,0
4733,2022,Jeff Joseph,GR,Mount Union,5,1457.4,1457.4,26.70795761566197,35,0
4748,2022,Eli Boesch-Dining,GR,Bates,5,1479.6,1479.6,37.847303734876554,21,0
4759,2022,Luke Guttormson,GR,Loras,6,1469.8,1469.8,31.802289225777454,35,0
4774,2022,Robert St.-Clair,GR,Case Western,5,1471.0,1474.8,20.446319962281745,7,0
4778,2022,Joseph Jaster,GR,NC State,4,1467.7,1467.7,26.192401092683372,7,0
4781,2022,Gage Beireis,GR,Otterbein,6,1478.8,1478.8,62.45707646055809,35,0
4792,2022,Jared Briant,GR,Rhodes,3,1463.3,1558.8,39.97510336307946,7,0
4830,2022,Hunter Probert,GR,Mount Union,5,1498.1,1498.1,60.42045907637582,7,0
4833,2022,Forrest Long,GR,Mount Union,6,1489.9,1489.9,85.78330257107143,7,0
4843,2022,Ryan Smith,GR,Bates,4,1484.4,1484.4,21.45367101453735,21,0
4898,2022,Adam Shah,GR,John Carroll,4,1494.7,1494.7,49.5589043462424,7,0
5128,2022,Gus Albach,GR,Claremont-Mudd-Scripps,5,1470.5,1470.5,19.247337478207243,50,0
5130,2022,Henry Pick,GR,Claremont-Mudd-Scripps,6,1420.4,1469.3,39.16710992656979,7,0
5208,2022,Ethan Widlansky,GR,Pomona-Pitzer,5,1450.0,1480.7,10.580022447991327,35,0
5231,2022,Cy Chittenden,GR,U. Of Chicago,6,1478.0,1504.0,9.631199302267605,35,0
5238,2022,Spencer Schultz,GR,Wis.-Stout,5,1431.0,1431.0,41.89675882452004,35,0
5246,2022,Jack Rosencrans,GR,Pomona-Pitzer,4,1452.9,1452.9,21.787662155959286,35,0
5253,2022,Thomas Rohr,GR,North Central (Ill.),7,1480.0,1480.0,46.525133589873235,35,0
5255,2022,Jack Barbour,GR,U. Of Chicago,4,1544.0,1548.4,30.226850646403758,35,0
5256,2022,Lars Dewall,GR,St. Scholastica,5,1493.9,1493.9,29.56260306535947,7,0
5269,2022,Connor Riss,GR,North Central (Ill.),7,1429.2,1429.2,45.29177322894548,35,0
5279,2022,Brandan Knepper,GR,Calvin,5,1458.8,1458.8,36.64167026760655,35,0
5291,2022,Steven Potter,GR,Wis.-Oshkosh,5,1495.2,1495.2,31.968071571491418,7,0
5298,2022,Braden Nicholson,GR,North Central (Ill.),6,1442.7,1442.7,41.06790109075453,35,0
5300,2022,Ethan Hinderman,GR,Wis.-Stout,5,1497.9,1497.9,42.274342100143905,35,0
5307,2022,Jeff Candell,GR,Washington U.,5,1457.2,1457.2,27.473885782684565,35,0
5322,2022,Matt Kusak,GR,Washington U.,5,1468.6,1468.6,31.1427294885982,35,0
5327,2022,Matthew Ryan,GR,Wis.-Stout,5,1446.5,1446.5,40.53676849478758,35,0
5329,2022,William Hofmann,GR,Calvin,3,1516.6,1516.6,4.984197249529998,7,0
5353,2022,Ian Williams,GR,Wis.-Stout,4,1462.9,1462.9,45.36276005712175,35,0
6744,2022,Ryan Kredell,GR,Haverford,6,1439.9,1439.9,30.47482567628564,50,0
6750,2022,Peter Buckley,GR,Haverford,6,1509.9,1509.9,12.153805988249111,21,0
6760,2022,Aaron Bratt,GR,Haverford,6,1475.8,1475.8,20.669346264456475,50,0
6762,2022,Aidan Cantine,GR,Swarthmore,4,1476.5,1479.9,19.809656736046666,50,0
6769,2022,Matthew Kleiman,GR,Johns Hopkins,6,1453.1,1453.1,33.88217230344007,50,0
6820,2022,Nathaniel Leighninger,GR,Haverford,6,1531.9,1531.9,9.209064827657576,50,0
8908,2022,James Settles,GR,Colorado College,6,1485.0,1485.0,60.19560938215415,7,0
9698,2022,Ethan Gregg,GR,Wis.-La Crosse,6,1418.4,1418.4,43.43049683753976,21,0
9701,2022,Justin Krause,GR,Wis.-Whitewater,6,1488.7,1496.3,30.58198907127455,35,0
10634,2022,Noah Griffin,GR,Lebanon Valley,6,1514.7,1514.7,16.846174639959024,50,0
10662,2022,Jordan Berger,GR,Lebanon Valley,6,1521.9,1521.9,18.011107683871067,35,0
13034,2022,Drew Topoly,GR,Methodist,6,1489.2,1489.2,33.030125138525676,50,0
13427,2022,Jeffrey Love,GR,Connecticut College,6,1465.0,1465.0,24.658418440767882,21,0
13428,2022,Evan Ensslin,GR,Tufts,5,1532.0,1532.4,39.35234268757068,21,0
13438,2022,Matt Carter,GR,Connecticut College,4,1440.9,1440.9,31.150842685230845,21,0
13450,2022,Chris Verstandig,GR,Connecticut College,4,1528.0,1535.6,77.33446838247488,42,0
13462,2022,Max Cluss,GR,Middlebury,4,1478.3,1527.6,34.24896896258342,49,0
13467,2022,Luke Lorenz,GR,Middlebury,3,1510.5,1542.9,27.153023158879826,21,0
13697,2022,Ian Kelly,GR,Luther,6,1491.6,1491.6,13.755907821732473,35,0
13699,2022,Tom Altier,GR,Luther,6,1490.7,1521.9,6.529308922083575,35,0
13701,2022,Caleb Silver,GR,Central College,7,1484.0,1491.5,34.12735950328807,35,0
13709,2022,Noah Jorgenson,GR,Central College,7,1467.4,1467.4,33.464794934378375,35,0
13799,2022,Spencer Moon,GR,Simpson (Iowa),5,1414.2,1414.2,43.60661503717066,36,0
13801,2022,Isaac Wegner,GR,Wis.-La Crosse,6,1469.0,1469.0,31.4333156592386,7,0
13889,2022,Kevin Montresor,GR,St. Olaf,6,1541.9,1541.9,14.714944784130159,7,0
13919,2022,Julian Munoz,GR,St. Olaf,6,1545.0,1545.0,31.959849811912484,35,0
15988,2022,Miles Takiguchi,GR,Vassar,7,1462.0,1462.0,27.582646718543863,50,0
15994,2022,Matthew Lecky,GR,RPI,5,1424.1,1424.1,33.37630297082053,50,0
16005,2022,Patrick Smyth,GR,RPI,5,1488.7,1488.7,34.767479057302964,50,0
16016,2022,Jason Gibbons,GR,RPI,5,1514.7,1514.7,36.505396861286115,50,0
16033,2022,Connor Wooding,GR,RPI,5,1506.1,1506.1,30.64489517032163,50,0
17635,2022,John O'Rourke,GR,Catholic,6,1489.6,1499.7,31.48551412951677,64,0
17733,2022,Elias Lindgren,GR,Williams,6,1405.8,1405.8,41.86517048812774,21,0
18182,2022,Henry Bowman,GR,Carleton,7,1487.6,1487.6,42.79487573166785,71,0
20195,2022,Miles Christensen,GR,Claremont-Mudd-Scripps,6,1456.6,1456.6,25.228096935757975,63,0
22993,2022,David Reynolds,GR,WPI,6,1501.2,1507.0,23.53703199216077,35,0
22999,2022,Brian Brooks,GR,WPI,6,1518.0,1548.6,21.401211998389254,35,0
23012,2022,Jake Pearl,GR,Keene State,6,1520.8,1520.8,21.71272668275451,49,0
23242,2022,Simon Heys,GR,Wilmington (Ohio),6,1437.0,1462.9,32.82837796784965,64,0
23255,2022,George Rickett,GR,Wilmington (Ohio),7,1483.5,1483.5,32.167603613297395,7,0
23704,2022,Sam Schmitz,GR,Wartburg,6,1470.5,1470.5,36.220911087381545,35,0
23713,2022,Connor Lancial,GR,Wartburg,6,1448.5,1448.5,29.432566996441196,35,0
26092,2022,Cooper Knorr,GR,Stockton,6,1504.9,1504.9,24.893874748620412,50,0
26296,2022,Dan Spellman,GR,U. Of Chicago,6,1523.8,1523.8,26.331532427870602,35,0
26352,2022,Ryan Harvey,GR,Loras,6,1493.6,1518.0,46.99853614741631,49,0
26354,2022,Wyatt Kelly,GR,Loras,6,1475.3,1475.3,45.45729424415847,35,0
26355,2022,Will Whalen,GR,Loras,6,1556.0,1557.9,22.259716979332804,21,0
26359,2022,Carlo Dannenfelser,GR,Loras,5,1531.8,1531.8,22.454398232862953,35,0
26482,2022,Daniel Chen,GR,Johns Hopkins,5,1483.9,1483.9,30.37156359162294,50,0
26881,2022,Bradshaw Lathbury,GR,Berry,6,1493.0,1493.0,64.36674650435232,35,0
27111,2022,Spencer Moore,GR,Emory,6,1462.1,1462.1,28.098868304613287,36,0
27114,2022,Brett Lucas,GR,Emory,6,1468.5,1468.5,24.939574976330302,50,0
27125,2022,Andrew Pahnke,GR,Vanderbilt,6,1503.4,1503.4,33.09848334893908,50,0
27147,2022,Justin Pecore,GR,Emory,6,1501.3,1501.3,41.92467531180179,50,0
28275,2022,Ezra Ruggles,GR,Suny Geneseo,3,1450.3,1548.4,23.486497302823913,7,0
28276,2022,Nick Andrews,GR,Suny Geneseo,5,1457.7,1457.7,24.458454570965838,35,0
28327,2022,Connor McCroy,GR,Lynchburg,6,1498.3,1498.6,36.10392776416446,50,0
28341,2022,Corbin Green,GR,Lynchburg,6,1484.1,1484.1,28.354117866722703,50,0
28372,2022,Elijah Sech,GR,Carnegie Mellon,6,1472.0,1472.0,40.52137213866282,50,0
29713,2022,Scott Sikorski,GR,Rochester,6,1487.9,1487.9,22.918324546091867,50,0
29718,2022,Aidan Mayer,GR,Vassar,6,1526.3,1529.5,21.051291528074938,21,0
30815,2022,Ben Timmons,GR,Suny Geneseo,7,1501.8,1537.3,16.22775400355826,56,0
30832,2022,Ryan Mitchell,GR,Suny Geneseo,5,1555.7,1555.7,18.385320231097445,56,0
32164,2022,Andrew Guimond,GR,North Central (Ill.),6,1466.2,1466.2,43.07655975121503,35,0
33412,2022,Eric Swinson,JR,Calvin,6,1490.1,1490.1,33.02740680101907,21,0
33418,2022,Jacob Buit,GR,Calvin,5,1507.9,1507.9,55.81630586128038,35,0
33452,2022,Alex Phillip,GR,North Carolina,4,1394.7,1394.7,41.0807132362621,50,0
33544,2022,Logan Horst,GR,Messiah,8,1489.3,1489.3,17.11664662942881,56,0
33551,2022,Andrew Hutchinson,GR,Messiah,8,1494.6,1494.6,16.850301275087784,50,0
33857,2022,Tyler Morris,GR,Colby,4,1430.0,1430.0,26.59257415144309,35,0
33867,2022,Ben Mellor,GR,Colby,4,1479.0,1479.0,20.443504469635307,21,0
33874,2022,Zander Kessler,GR,Middlebury,5,1468.7,1468.7,31.07788602849301,21,0
33886,2022,Nick Peterson,GR,Colby,5,1542.6,1542.6,22.069834616507674,21,0
33890,2022,George Brady,GR,Hamilton,6,1468.9,1468.9,42.90189389758912,21,0
34304,2022,Simon Kissam,GR,Williams,5,1481.5,1481.5,37.00380520973488,21,0
35636,2022,Andrew Harrell,GR,Hamilton,7,1520.0,1520.0,51.813781950365346,50,0
35689,2022,Andrew Mah,GR,MIT,5,1459.6,1467.7,20.870495921276,35,0
35694,2022,Vedang Lad,GR,MIT,4,1460.5,1460.5,29.922357861639213,35,0
35695,2022,Lowell Hensgen,GR,MIT,5,1486.5,1486.5,17.41431594981552,20,0
35696,2022,Sam Acquaviva,GR,MIT,5,1443.0,1450.5,40.377746346223965,35,0
35699,2022,Ryan Wilson,GR,MIT,4,1456.9,1470.0,56.862965759798385,20,0
35717,2022,Matthew Kearney,GR,MIT,4,1453.3,1453.3,25.92826642874527,35,0
36843,2022,Michael Olson,GR,Plymouth State,7,1535.2,1535.2,17.440183485273266,21,0
37214,2022,Brooks Peters,GR,Bowdoin,5,1521.6,1521.6,22.915723859394056,21,0
38021,2022,Logan Bocovich,GR,Colo. Sch. Of Mines,6,1459.2,1459.2,33.599940476137746,35,0
38571,2022,Walter Teitelbaum,GR,Uc Santa Cruz,5,1483.0,1484.8,21.975167803682453,35,0
38850,2022,Ryan Stracke,GR,Pacific Lutheran,6,1442.4,1442.4,35.34965912141159,21,0
39235,2022,Hassan Eissa,GR,RIT,5,1532.9,1532.9,21.866815040147024,35,0
39236,2022,Danny Jagoe,GR,Ithaca,6,1500.9,1500.9,39.84603367965248,50,0
40064,2022,Benjamin Fanta,GR,TCNJ,6,1540.5,1540.5,9.557588608011915,21,0
41018,2022,Luke Collins,GR,U. Of Chicago,6,1510.7,1510.7,18.863870228561243,35,0
42058,2022,Jacob Green,JR,Wartburg,5,1468.3,1468.3,21.46202227191094,35,0
42064,2022,Connor Havens,GR,Manchester,5,1487.8,1487.8,45.66917560017921,7,0
42673,2022,Adam Sage,GR,Claremont-Mudd-Scripps,6,1465.4,1465.4,17.240849022017436,63,0
42677,2022,Daniel Fajardo,GR,Claremont-Mudd-Scripps,5,1523.0,1523.0,12.657803916951798,63,0
42734,2022,Oliver Pick,GR,Claremont-Mudd-Scripps,6,1499.2,1499.2,5.724508712544676,50,0
42738,2022,Nicholas Taubenheim,GR,Claremont-Mudd-Scripps,5,1474.2,1474.2,24.39190439469621,63,0
42828,2022,Joey Litvin,GR,Caltech,5,1490.3,1490.3,50.38913573380677,7,0
42834,2022,TK Berhe,SR,St. Mary'S (Cal.),5,1506.1,1506.1,2.539028685672333,7,0
43098,2022,Eric Anderson,GR,Uc Santa Cruz,5,1488.5,1488.5,48.07122216045686,21,0
43101,2022,Casey Orton,GR,Uc Santa Cruz,6,1487.6,1487.6,24.212032132805394,21,0
43457,2022,Jack Kinzer,SR,Wartburg,6,1482.4,1482.4,26.00050768735097,35,0
43509,2022,Vincent Giumenti,JR,Mount Union,4,1474.8,1474.8,53.766764827354116,7,0
43513,2022,Noah Tobin,GR,Wilmington (Ohio),7,1475.6,1475.6,29.461028872431203,7,0
43522,2022,Nick Wong,GR,Mount Union,5,1545.2,1545.2,31.731923988311845,7,0
43912,2022,Luke Witvliet,GR,Calvin,4,1484.6,1484.6,50.77546159317517,35,0
43914,2022,Nick Henz,GR,Calvin,5,1493.5,1493.5,38.98558708035571,7,0
43915,2022,Thaine Nederveld,GR,Calvin,3,1498.7,1498.7,33.88021382590264,7,0
44873,2022,Timothy Boyce,GR,St. Lawrence,7,1502.8,1502.8,21.435540581007057,21,0
45288,2022,Jamie Moreland,GR,Haverford,6,1508.5,1508.5,11.705661023624392,50,0
45289,2022,Miles Colescott,GR,Haverford,5,1500.8,1500.8,23.537251798419927,21,0
45290,2022,Peter LaRochelle,GR,Haverford,5,1482.6,1482.6,8.803155999728522,50,0
45792,2022,Daniel Ferrante,GR,Christopher Newport,5,1472.2,1472.2,33.42478122591083,21,0
45969,2022,Mason Shea,GR,Wis.-Eau Claire,6,1496.2,1496.2,39.01234847241742,35,0
46552,2022,Julian Watson,GR,Loras,5,1511.4,1523.7,24.616914916374085,21,0
46553,2022,Jacob Belha,GR,Loras,6,1533.6,1533.6,22.51795727858101,35,0
46787,2022,Joe Lemna,GR,U. Of Chicago,5,1477.8,1477.8,26.42619912132657,35,0
46792,2022,Emile Sow,GR,U. Of Chicago,6,1516.9,1516.9,27.683467990842463,35,0
48286,2022,Dillon McClary,GR,Suny Geneseo,6,1522.1,1522.1,24.99516753294525,35,0
48776,2022,Jack Baronski,GR,Marywood,6,1523.8,1523.8,43.45453802538929,7,0
48872,2022,Shane Artis,GR,Desales,6,1538.4,1538.4,24.312021717660524,21,0
49080,2022,Colin McLaughlin,GR,Carnegie Mellon,6,1452.0,1452.0,33.31879949818121,50,0
49081,2022,Matthew Coyle,GR,Carnegie Mellon,5,1473.9,1473.9,27.90433658053885,50,0
49087,2022,Charlie Murphy,GR,Carnegie Mellon,6,1483.2,1483.2,24.39413044156318,50,0
49095,2022,Jacob Hsu,GR,Carnegie Mellon,5,1467.9,1467.9,43.367314881140594,50,0
49097,2022,Alex Ivanov,GR,Carnegie Mellon,5,1487.2,1487.2,38.759676211237874,50,0
49611,2022,Will Salony,RS,Trinity (Tex.),6,1483.4,1483.4,36.09934071420138,35,0
49750,2022,Dylan May,JR,Southern Virginia,6,1464.2,1464.2,33.267918480121324,36,0
50148,2022,Gavin McElhennon,GR,Johns Hopkins,6,1449.9,1449.9,28.651352498616852,50,0
50149,2022,Sean Enright,GR,Johns Hopkins,5,1484.9,1484.9,32.75189879991691,50,0
50153,2022,Jonas Larson,GR,Johns Hopkins,6,1502.5,1502.5,26.68665584145007,50,0
50160,2022,Arthur Beyer,GR,Johns Hopkins,6,1482.9,1519.7,26.11578832813587,21,0
50210,2022,Aidan Nathan,GR,Case Western,5,1491.7,1491.7,23.326842906831647,7,0
50216,2022,Ryan Champa,GR,John Carroll,5,1475.1,1482.4,42.29120948849769,7,0
50218,2022,Tommy Naiman,GR,John Carroll,4,1488.3,1488.3,62.46935248583904,7,0
50219,2022,Dominic Delmoro,GR,John Carroll,4,1482.7,1482.7,58.50480215332755,50,0
50223,2022,Stephen Henry,GR,Case Western,5,1521.9,1521.9,26.61656626990038,7,0
50381,2022,Amir Barkan,GR,Occidental,6,1479.1,1479.1,15.731238825979386,63,0
50386,2022,Cameron Hatler,GR,Pomona-Pitzer,5,1453.0,1453.0,17.369999280368432,35,0
50508,2022,David Evans,GR,Emory,6,1476.3,1476.3,39.056133961261466,50,0
50515,2022,Scott Masterson,GR,Emory,5,1489.8,1489.8,34.13407388519572,50,0
50609,2022,Bradyn Olmstead,GR,Millikin,7,1516.6,1516.6,45.18746138771978,21,0
50852,2022,Will Kelly,GR,Montana State,6,1464.9,1464.9,25.103179081542642,35,0
50857,2022,Andrew Skemp,GR,St. Olaf,5,1499.6,1499.6,30.819991482802237,35,0
50858,2022,Anders Cote,GR,St. Olaf,5,1550.3,1550.3,46.102548736485275,35,0
50859,2022,David Lynn,GR,St. Olaf,5,1528.6,1528.6,31.26706893842145,50,0
50915,2022,Gianni Estrada,GR,Greenville,5,1502.8,1502.8,69.55324291505039,36,0
50919,2022,Fernando Ribeiro-Duraes,GR,Washington U.,4,1530.0,1530.0,14.74491437750656,49,0
50926,2022,Alexander Gadin,GR,Washington U.,6,1528.7,1528.7,35.637542002781245,35,0
51120,2022,Liam Walits,GR,Otterbein,6,1487.6,1487.6,55.396440318850814,35,0
51121,2022,Walter Moak,GR,Oberlin,6,1495.8,1495.8,48.059113599815824,7,0
51238,2022,Max Aldrich,GR,Lewis & Clark,7,1456.2,1456.2,44.10211871327728,21,0
51240,2022,Austin Gappa,GR,George Fox,4,1462.7,1462.7,32.679147275696586,21,0
51244,2022,Adam Petersen,GR,George Fox,4,1464.2,1464.2,40.601340974023074,21,0
51245,2022,Alex Mills,GR,George Fox,4,1480.8,1480.8,25.680256142717006,21,0
51250,2022,Andrew Ross,GR,George Fox,4,1490.4,1490.4,26.90877593318246,21,0
51257,2022,Gavin Grass,GR,George Fox,5,1491.6,1491.6,40.11062047637758,21,0
51260,2022,Grant Ferguson,GR,George Fox,5,1542.9,1542.9,11.853796860078171,21,0
51332,2022,Atticus Hempel,GR,Swarthmore,5,1502.3,1502.3,28.33023512472536,21,0
52169,2022,Cale Bishop,GR,Wis.-Stout,5,1537.6,1537.6,22.17696101813775,7,0
52171,2022,Matthew Thomas,GR,Wis.-Stout,5,1520.7,1520.7,41.00068292114164,35,0
52178,2022,Jaad Stout,GR,Wis.-Stout,4,1530.3,1530.3,32.93318994570675,35,0
52258,2022,Lloyd Young,GR,St. John'S (Minn.),3,1471.4,1493.1,4.926346403663581,7,0
52295,2022,Craig Hundley,GR,Carthage,6,1483.1,1483.1,29.018311460179778,35,0
52297,2022,James McGlashon,GR,North Central (Ill.),6,1485.0,1485.0,40.618153576941445,35,0
52298,2022,Emerald Svienty,GR,North Central (Ill.),7,1433.1,1433.1,42.96240281403682,35,0
52302,2022,Nigel Neibel,GR,North Central (Ill.),5,1481.5,1481.5,35.31037382979678,35,0
52955,2022,Sam Llaneza,GR,Lynchburg,6,1495.8,1498.5,18.71145103940368,50,0
52964,2022,Tor Hotung-Davidsen,GR,Lynchburg,6,1534.9,1534.9,14.508838685435855,50,0
53132,2022,Walter Wagude,GR,Tufts,6,1478.7,1478.7,30.440762145517994,21,0
53133,2022,Tobias L'Esperance-Kerckhof,GR,Trinity (Conn.),6,1505.8,1505.8,33.135554922167785,21,0
53135,2022,Martin Horne,GR,Tufts,4,1551.0,1551.0,4.348435223030091,35,0
53554,2022,Alex Hillyard,GR,Suny Geneseo,6,1511.8,1511.8,10.008329864001595,56,0
53851,2022,Mitchell Dailey,GR,RPI,5,1489.3,1489.3,29.33084383375287,50,0
53852,2022,Cory Kennedy,GR,Colorado St.,5,1423.2,1423.2,43.51636014190528,50,0
53853,2022,Jonathan Craun,GR,RPI,4,1522.5,1522.5,10.377379245262258,35,0
54089,2022,Gunner Schlender,GR,Wis.-Whitewater,5,1453.7,1462.0,21.87614225589143,7,0
54090,2022,Christian Patzka,GR,Wis.-Whitewater,5,1448.5,1448.5,29.84530783892167,7,0
54091,2022,Chris Allen,GR,Wis.-Whitewater,6,1525.8,1525.8,37.07723545369709,7,0
54095,2022,Will MacCudden,GR,Wis.-Whitewater,5,1559.5,1559.5,36.98537008061432,7,0
54101,2022,Nick Hardin,GR,Wis.-Whitewater,5,1537.9,1537.9,36.320649773923364,7,0
55020,2022,Eric Jackson,GR,Uc Santa Cruz,5,1455.4,1455.4,27.223915956379198,21,0
55022,2022,Raymond Ingersoll,GR,Uc Santa Cruz,5,1474.7,1474.7,31.365777529020384,35,0
55537,2022,Barrett Scheatzle,GR,John Carroll,3,1470.1,1470.1,41.90998289986134,7,0
55540,2022,Liam O'Reilly,GR,Case Western,5,1497.5,1497.5,35.260765731900925,7,0
55552,2022,John Nice,GR,Grand Valley St.,6,1476.2,1476.2,41.17637186542783,35,0
56055,2022,Connor Vachon,GR,Hope,5,1443.4,1443.4,24.357799572210958,35,0
56567,2022,Ian Horsburgh,GR,Pomona-Pitzer,5,1442.7,1442.7,19.36573972250991,35,0
56622,2022,Lucas Florsheim,GR,Minnesota,5,1432.9,1432.9,18.122430852399443,35,0
56625,2022,Derek Fearon,GR,Pomona-Pitzer,5,1442.5,1451.3,21.709257817806662,35,0
56626,2022,Colin Kirkpatrick,GR,Pomona-Pitzer,4,1434.5,1434.5,27.4771824530019,35,0
56686,2022,Victor Kering,GR,Bates,5,1496.0,1496.0,22.22832427332298,21,0
56688,2022,Ned Farrington,GR,Maine,5,1491.5,1491.5,19.69127725669413,49,0
56690,2022,Matt Scardigno,GR,Connecticut College,3,1537.2,1537.2,46.19999999999993,21,0
56692,2022,Harry Harwood,GR,Connecticut College,5,1557.5,1557.5,34.2568971157634,35,0
56699,2022,Andrew Mottur,GR,Bates,5,1551.6,1551.6,29.350802374040796,21,0
56722,2022,Ryan Tobin,GR,NYU,6,1509.1,1509.1,12.328276440768231,50,0
56724,2022,William Hall,GR,Suny Geneseo,6,1504.8,1504.8,15.050406048416837,35,0
56786,2022,Alec Gironda,GR,Middlebury,5,1457.6,1457.6,32.392389152391985,21,0
56791,2022,Ziggy Goddard,GR,Middlebury,5,1487.8,1487.8,40.60987072129143,21,0
56876,2022,Anthony Rodriguez,GR,Babson,6,1498.5,1498.5,18.69189329629295,35,0
57100,2022,Matthew Hornung,GR,Washington U.,5,1467.0,1467.0,37.6732053321721,35,0
57251,2022,Parker Huhn,GR,Wis.-La Crosse,6,1490.4,1499.6,43.944990866106956,35,0
57252,2022,Corey Fairchild,GR,Wis.-La Crosse,6,1487.8,1487.8,52.3989397687481,35,0
57255,2022,Elias Ritzke,GR,Wis.-La Crosse,6,1524.1,1524.1,31.91295452738071,21,0
57370,2022,Grahm Tuohy-Gaydos,JR,Williams,6,1447.8,1456.5,40.987138904241114,35,0
57371,2022,John Lucey,GR,Williams,6,1451.9,1451.9,37.371186167361,21,0
57374,2022,Theo Dassin,GR,Amherst,5,1488.0,1488.0,26.96407980999911,21,0
57375,2022,Nate Lentz,GR,Williams,4,1497.4,1497.4,27.16296881785935,35,0
58367,2022,Henry Hardart,GR,MIT,3,1519.0,1519.0,6.231104770958908,20,0
58634,2022,Thomas Penney,GR,Washington U.,4,1474.1,1474.1,31.37698200910984,35,0
58680,2022,James Boyle,GR,Colby,4,1517.5,1517.5,23.369036672486132,21,0
58681,2022,Liam Carcich,GR,Colby,4,1516.4,1516.4,47.44872890815938,21,0
58683,2022,Gordon Doore,GR,Colby,4,1540.0,1553.7,54.94510897250087,21,0
58687,2022,Krishna Kakani,GR,Bates,5,1551.8,1551.8,185.5327960226978,21,0
59402,2022,Mason Kutz,GR,Mount Union,5,1512.8,1512.8,71.1685674999856,7,0
61057,2022,Lance Sobaski,SR,Wartburg,6,1492.7,1492.7,21.976987964687027,35,0
61730,2022,Luke Holland,SR,Uc Santa Cruz,5,1471.4,1471.4,27.154196729050888,21,0
63191,2022,Nicholas Lyndaker,SR,St. Lawrence,7,1571.2,1571.2,25.416419889512344,35,0
63513,2022,Mohammed Bati,SR,Augsburg,7,1462.1,1462.1,19.217266541663342,50,0
64249,2022,John Hood,GR,U. Of Chicago,5,1458.5,1458.5,29.717913789497423,35,0
64549,2022,Isaac Clark,GR,USMMA,7,1490.5,1490.5,39.85488956479773,50,0
65108,2022,Ethan Thompson,JR,Emory,6,1497.4,1497.4,16.416991198145887,50,0
65830,2022,Ryan Podnar,SR,Carnegie Mellon,6,1518.2,1518.2,20.88335222132691,50,0
67135,2022,Charles Scharf,GR,Washington And Lee,5,1508.9,1508.9,22.289501452477566,35,0
67163,2022,Jay Figgins,JR,Otterbein,6,1511.7,1511.7,49.86427177849888,7,0
67165,2022,Stephen Ulrich,SR,Mount Union,5,1525.5,1525.5,50.388975866640585,7,0
67326,2022,Marko Kovacevic,JR,Lynchburg,4,1529.4,1529.4,10.232410381831968,64,0
67603,2022,Emmanuel Leblond,SR,Johns Hopkins,5,1484.4,1484.4,13.669217241671134,50,0
67778,2022,Will Sheehy,GR,Swarthmore,6,1480.9,1480.9,22.81341436523694,50,0
67849,2022,Alexander Kane,SR,Dickinson,7,1514.5,1514.5,15.033748700839691,21,0
67914,2022,Michael McCann,GR,Marywood,6,1507.3,1507.3,45.506943151567576,56,0
68308,2022,Caden Hildenbrand,JR,George Fox,5,1452.0,1452.0,19.24019230673123,21,0
68590,2022,Oliver Witt,SR,Washington U.,3,1503.9,1503.9,64.09999999999991,49,0
68824,2022,Jonathan Norton,GR,Connecticut College,6,1547.5,1547.5,28.937562094965756,21,0
69200,2022,Dan Anderson,SR,Wis.-Whitewater,6,1525.4,1525.4,34.72815460432962,7,0
69203,2022,Aidan Matthai,SR,Wis.-La Crosse,5,1509.5,1509.5,40.4960936387696,21,0
69204,2022,Grant Matthai,SR,Wis.-La Crosse,5,1519.8,1519.8,38.65733565573288,21,0
69512,2022,Nikhil DeNatale,SR,Williams,5,1510.6,1510.6,16.612573551379704,21,0
69792,2022,Luke Brennan,SR,Tufts,6,1556.2,1556.2,22.35128631645163,21,0
69793,2022,Amokrane Aouchiche,SR,Tufts,6,1510.3,1510.3,34.47265583038248,21,0
69799,2022,Calvin Cummings,SR,Tufts,7,1540.0,1540.0,46.34085370623012,21,0
71244,2022,Brendan Mellitt,GR,Connecticut College,5,1523.3,1523.3,45.23784367097978,21,0
71420,2022,Will Spollen,GR,Williams,4,1489.5,1489.5,26.74391285881704,21,0
71438,2022,Ivan Appleton,GR,Tufts,5,1515.1,1515.1,24.944289927757044,35,0
71439,2022,Sam Kartsonis,GR,Bates,5,1545.2,1545.2,23.718971309902965,49,0
71711,2022,Shef West,SR,Middlebury,5,1537.7,1537.7,27.85843678313624,21,0
71712,2022,Owen Johnson,SR,Middlebury,5,1499.5,1499.5,43.46006068794653,35,0
72137,2022,Oliver Chang,GR,Uc Santa Cruz,5,1468.8,1468.8,25.47236934405593,21,0
72428,2022,Jonathan Cobb,JR,Lynchburg,4,1513.8,1513.8,45.917718529996655,50,0
73253,2022,Will Goddard,GR,Bowdoin,4,1495.6,1495.6,19.648473223128562,21,0
73997,2022,Chris Gould,SR,Colby,4,1524.0,1524.0,25.521461556893627,21,0
74081,2022,Paul Suflita,GR,Brockport St.,4,1525.8,1525.8,9.002360801478678,49,0
77914,2022,Jack Begley,GR,U. Of Chicago,5,1466.8,1466.8,23.958964919211375,7,0
3239,2023,Christopher Collet,GR,Wartburg,4,1427.5,1449.7001,15.542963362624048,7,1
4733,2023,Jeff Joseph,GR,Mount Union,4,1444.5007,1444.5007,33.163065099025744,7,0
4896,2023,Enrique Salazar,GR,Manchester,6,1436.6001999999999,1436.6001999999999,32.81973160392388,7,1
5256,2023,Lars Dewall,GR,St. Scholastica,7,1474.5006,1474.5006,17.08778284302554,7,1
5269,2023,Connor Riss,GR,North Central (Ill.),5,1429.2,1456.6028999999999,14.583621671330576,50,0
5270,2023,Matthew Jett,GR,North Central (Ill.),5,1507.4026000000001,1507.4026000000001,32.21125510527136,7,0
5298,2023,Braden Nicholson,GR,North Central (Ill.),5,1442.7,1463.3002,19.73091238372929,7,1
5353,2023,Ian Williams,GR,Wis.-Stout,5,1462.9,1482.2011,38.09504920712923,7,0
5361,2023,Max Fore,GR,Wis.-Stout,5,1522.9044000000001,1522.9044000000001,33.83283655275743,7,0
6820,2023,Nathaniel Leighninger,GR,Haverford,5,1516.9011,1516.9011,17.617406625036367,7,0
8908,2023,James Settles,GR,Colorado College,6,1460.8002,1460.8002,62.633724159673,35,1
9698,2023,Ethan Gregg,GR,Wis.-La Crosse,5,1418.4,1440.2003,34.71204786845056,49,1
9701,2023,Justin Krause,GR,Wis.-Whitewater,6,1488.7,1492.3017,25.249482336717744,7,0
13701,2023,Caleb Silver,GR,Central College,7,1453.4001,1453.4001,55.17991023828074,35,1
13703,2023,Adam Koller,GR,Luther,7,1516.503,1516.503,45.460845021385175,7,0
13709,2023,Noah Jorgenson,GR,Central College,7,1467.4,1473.9008000000001,40.46194506216095,7,1
13733,2023,Adam Sylvia,GR,Central College,7,1489.2012,1489.2012,50.11457672043186,35,0
13738,2023,Jack Orengo,GR,Central College,7,1526.4042000000002,1526.4042000000002,71.16878631733309,7,0
13799,2023,Spencer Moon,GR,Simpson (Iowa),6,1414.2,1473.1007,15.374787313078516,7,0
13801,2023,Isaac Wegner,GR,Wis.-La Crosse,5,1443.6001999999999,1443.6001999999999,34.95360440564606,7,1
13948,2023,Ean Warrick,GR,Simpson (Iowa),6,1522.4035000000001,1522.4035000000001,25.29845548784348,7,0
15988,2023,Miles Takiguchi,GR,Vassar,7,1462.0,1472.501,21.847895663390485,7,0
16016,2023,Jason Gibbons,GR,RPI,5,1487.4031,1487.4031,21.82980636903595,35,0
18182,2023,Henry Bowman,GR,Carleton,4,1487.6,1524.7045,19.255276298248077,7,0
22993,2023,David Reynolds,GR,WPI,6,1489.4007000000001,1489.4007000000001,25.082000288254466,7,0
23242,2023,Simon Heys,GR,Wilmington (Ohio),6,1426.7001,1426.7001,19.374898647518098,7,1
23704,2023,Sam Schmitz,GR,Wartburg,5,1470.5,1493.4019,25.632817257570345,7,0
24703,2023,Jon Diaz,GR,NYU,6,1534.4031,1534.4031,33.081875382063835,7,0
25811,2023,Tim Patterson,GR,St. Vincent (Pa.),7,1488.3,1490.6009,28.5557553256053,7,0
26352,2023,Ryan Harvey,GR,Loras,6,1475.4009,1475.4009,28.385499331734042,7,0
26359,2023,Carlo Dannenfelser,GR,Loras,6,1516.7031,1516.7031,29.22906406083681,7,0
26881,2023,Bradshaw Lathbury,GR,Berry,6,1480.9003,1480.9003,12.619106378083519,7,1
26897,2023,Brody Wallace,GR,Berry,6,1517.8012999999999,1517.8012999999999,36.01180469107399,7,0
28276,2023,Nick Andrews,GR,Suny Geneseo,4,1452.6000999999999,1452.6000999999999,22.854027890984028,7,0
28304,2023,Alexander Evans,GR,Washington U.,4,1507.6,1512.1009999999999,18.720571052321084,63,0
28366,2023,Frank Csorba,GR,Lynchburg,5,1430.6000999999999,1430.6000999999999,40.9287512053129,35,1
29724,2023,Zachary Spergel,GR,Rochester,6,1488.1011999999998,1488.1011999999998,50.364018898868764,7,0
32004,2023,Clenon Fincher,GR,Calvin,4,1532.802,1532.802,32.03699536622557,21,0
32164,2023,Andrew Guimond,GR,North Central (Ill.),6,1466.2,1469.0005,22.648186708643987,7,1
33416,2023,Caleb Gaffner,GR,Calvin,5,1470.7019,1470.7019,45.07088133170762,7,0
33418,2023,Jacob Buit,GR,Calvin,5,1481.4029,1481.4029,61.501462458058676,7,0
35694,2023,Vedang Lad,GR,MIT,4,1460.5,1479.8002999999999,16.22317913609648,7,0
35695,2023,Lowell Hensgen,GR,MIT,5,1478.6001999999999,1478.6001999999999,7.97895450701412,7,1
35696,2023,Sam Acquaviva,GR,MIT,4,1443.0,1476.3001,14.078215626345363,7,1
37214,2023,Brooks Peters,GR,Bowdoin,4,1488.3006,1488.3006,29.26314828487355,7,0
38846,2023,Peter Weiss,GR,George Fox,3,1481.0,1482.5001,9.247018503640312,21,1
38850,2023,Ryan Stracke,GR,Pacific Lutheran,5,1442.4,1481.2003,10.799522242442007,7,0
42058,2023,Jacob Green,JR,Wartburg,5,1468.3,1478.4011,21.962004588106257,7,0
42064,2023,Connor Havens,GR,Manchester,6,1466.8015,1466.8015,24.9089657458835,7,0
42673,2023,Adam Sage,GR,Claremont-Mudd-Scripps,4,1465.4,1472.1003999999998,38.89203352226369,77,0
42677,2023,Daniel Fajardo,GR,Claremont-Mudd-Scripps,6,1512.8107,1512.8107,22.773684557303334,63,0
42734,2023,Oliver Pick,GR,Claremont-Mudd-Scripps,5,1472.3043,1472.3043,19.35879577432438,63,0
42738,2023,Nicholas Taubenheim,GR,Claremont-Mudd-Scripps,6,1474.2,1476.7014000000001,27.585511602651085,56,0
42827,2023,Rohun Agrawal,GR,Caltech,5,1487.6019,1487.6019,15.068399828727642,56,0
42828,2023,Joey Litvin,GR,Caltech,5,1490.3,1504.6016,24.46941230203285,7,0
43220,2023,Devlin Swanson,GR,Colorado College,6,1488.1005,1488.1005,56.012489862492586,7,0
43225,2023,Brett Kitazono,GR,Colorado College,6,1515.3,1554.2042000000001,73.17365036912192,7,0
43231,2023,Ayden Cherry,GR,Colorado College,6,1541.2,1545.2075,51.860892445624856,35,0
43457,2023,Jack Kinzer,SR,Wartburg,6,1478.201,1478.201,12.571223991799643,7,0
43509,2023,Vincent Giumenti,JR,Mount Union,5,1458.1010999999999,1458.1010999999999,26.18956543449129,7,0
43519,2023,Curtis Joppeck,GR,Mount Union,5,1536.8062,1536.8062,36.94150017378831,56,0
43522,2023,Nick Wong,GR,Mount Union,5,1461.3011999999999,1461.3011999999999,28.751677714700424,7,0
43877,2023,Jacob Riley,GR,Rowan,5,1498.8003999999999,1498.8003999999999,39.5610181203038,7,0
43912,2023,Luke Witvliet,GR,Calvin,5,1441.1005,1441.1005,38.25951918952463,7,0
43915,2023,Thaine Nederveld,GR,Calvin,5,1445.4001,1445.4001,32.040954325762584,21,0
43925,2023,Ryan Sarkett,SR,Calvin,5,1494.1044,1494.1044,35.184016239934856,7,0
44791,2023,Jonthomas Bierman,GR,Oneonta,7,1477.5022,1477.5022,51.65852585661345,35,0
44884,2023,Michael Skutt,GR,St. Lawrence,7,1475.9011,1475.9011,23.038616145298274,7,0
45290,2023,Peter LaRochelle,GR,Haverford,5,1482.6,1485.1000999999999,19.32613829183161,7,1
45291,2023,Reza Eshghi,GR,Haverford,5,1541.2,1590.3114,19.63220320296478,42,0
45292,2023,Matt Denton,GR,Haverford,5,1540.7025,1540.7025,31.294464249158768,7,0
45293,2023,Seamus Fraser,GR,Haverford,5,1531.2017,1531.2017,25.40520958199318,7,0
45298,2023,Luca Ponticello,GR,Haverford,5,1543.6029999999998,1543.6029999999998,27.819413267806397,7,0
45792,2023,Daniel Ferrante,GR,Christopher Newport,6,1472.2,1513.4004,34.922542398880445,21,0
45927,2023,Ben Kerr,GR,Puget Sound,6,1445.0,1481.9014000000002,14.757352610952868,35,0
45969,2023,Mason Shea,GR,Wis.-Eau Claire,6,1487.7015000000001,1487.7015000000001,32.75702989236301,7,1
46552,2023,Julian Watson,GR,Loras,6,1478.8012999999999,1478.8012999999999,16.99040012806866,7,0
46553,2023,Jacob Belha,GR,Loras,6,1520.5032,1520.5032,27.719263241685873,7,0
46576,2023,Derek Webster,GR,Central College,7,1525.704,1525.704,49.27142133548504,7,0
46800,2023,John List,GR,U. Of Chicago,6,1482.9006000000002,1482.9006000000002,19.026483425609616,63,0
46802,2023,Connor Heron,GR,U. Of Chicago,6,1513.0,1524.6037999999999,39.633658702037664,7,0
47379,2023,Tim Barry,GR,Suffolk,5,1505.5013,1505.5013,47.06936536774741,7,0
47498,2023,Ian Hopkins,GR,Catholic,2,1509.0009,1509.0009,38.349699999999984,7,0
47664,2023,Calvin Boone,GR,St. Scholastica,7,1475.5007,1475.5007,26.9338150806305,7,1
48275,2023,Kyle Gronau,GR,Suny Geneseo,5,1507.3053,1507.3053,21.766164094245003,35,0
48278,2023,Micah McCulley,GR,Suny Geneseo,5,1492.7036,1492.7036,33.926167600658935,35,0
48282,2023,Austin Schoen,GR,Suny Geneseo,5,1471.0018,1471.0018,25.783481201839244,35,0
48612,2023,Josh Fingerhut,GR,Washington And Lee,6,1524.2074,1524.2074,39.44884849462655,35,0
48614,2023,Brock Overlander,GR,Dickinson,5,1505.7018,1505.7018,33.635748012299,7,0
48622,2023,Row Sterne,GR,Washington And Lee,6,1474.2021,1474.2021,22.981015965409334,35,0
48623,2023,Jackson Jacobs,GR,Washington And Lee,5,1530.1083999999998,1530.1083999999998,41.54214213412543,35,0
48655,2023,Chris Ruiz,GR,Washington And Lee,6,1493.8039999999999,1493.8039999999999,23.085850255548337,35,0
48776,2023,Jack Baronski,GR,Marywood,5,1488.9007000000001,1488.9007000000001,64.12628897700122,7,0
48872,2023,Shane Artis,GR,Desales,7,1496.5002,1496.5002,42.97668030508912,7,0
48886,2023,Nathan Hajel,GR,Moravian,6,1505.8008,1505.8008,29.264597933913258,7,0
49080,2023,Colin McLaughlin,GR,Carnegie Mellon,5,1451.7008,1451.7008,28.091027583231508,35,0
49081,2023,Matthew Coyle,GR,Carnegie Mellon,6,1452.8009,1452.8009,25.312855520023817,35,0
49087,2023,Charlie Murphy,GR,Carnegie Mellon,6,1467.3015,1467.3015,41.826794880287004,35,0
49095,2023,Jacob Hsu,GR,Carnegie Mellon,5,1447.9007000000001,1447.9007000000001,29.63652932168337,35,0
49611,2023,Will Salony,RS,Trinity (Tex.),6,1483.4,1500.1009,23.845457526463985,7,0
49750,2023,Dylan May,JR,Southern Virginia,5,1464.2,1474.7002,25.99921759879709,7,1
50148,2023,Gavin McElhennon,GR,Johns Hopkins,6,1447.9006000000002,1447.9006000000002,38.95204758131296,35,0
50153,2023,Jonas Larson,GR,Johns Hopkins,4,1494.3015,1494.3015,18.549300000000017,7,0
50156,2023,Tommy Li,GR,Johns Hopkins,5,1494.8016,1494.8016,42.501401552524,7,0
50159,2023,Charlie Teeter,GR,Johns Hopkins,6,1479.1,1494.2014000000001,72.39983817493561,7,0
50213,2023,Ethan Domitrovich,GR,Furman,3,1437.4003,1437.4003,39.963335496788616,7,0
50216,2023,Ryan Champa,GR,John Carroll,4,1454.001,1454.001,44.595842506505036,7,1
50218,2023,Tommy Naiman,GR,John Carroll,5,1475.8003999999999,1475.8003999999999,34.41477103791154,21,0
50219,2023,Dominic Delmoro,GR,John Carroll,4,1443.3006,1443.3006,36.21826388449151,7,0
50226,2023,Matt Costanzo,GR,John Carroll,5,1484.6035,1484.6035,30.85207781709165,7,0
50380,2023,Owen Kobett,GR,Pomona-Pitzer,6,1457.6,1489.7047,27.216690213146787,35,0
50381,2023,Amir Barkan,GR,Occidental,5,1479.1,1502.9012,15.704700527290456,7,0
50386,2023,Cameron Hatler,GR,Pomona-Pitzer,6,1453.0,1467.3008,18.067464815806318,56,1
50482,2023,Grady Coppock,GR,Berry,6,1525.0016,1525.0016,21.660572657974367,7,0
50506,2023,Tristan Olpin,GR,Emory,6,1532.3,1561.1072,7.910955147742952,35,0
50508,2023,David Evans,GR,Emory,6,1476.3,1533.3007,14.524987430631366,63,0
50515,2023,Scott Masterson,GR,Emory,6,1489.8,1504.2007,19.721132692459662,7,0
50609,2023,Bradyn Olmstead,GR,Millikin,6,1499.0023,1499.0023,20.791679611940864,7,0
50610,2023,Joe Langridge,GR,Augustana (Ill.),6,1478.3005,1478.3005,89.6310170552966,21,0
50852,2023,Will Kelly,GR,Montana State,6,1457.6001999999999,1457.6001999999999,10.491956119732864,35,1
50857,2023,Andrew Skemp,GR,St. Olaf,6,1489.0011,1489.0011,9.317883092977718,35,0
50858,2023,Anders Cote,GR,St. Olaf,6,1497.6021999999998,1497.6021999999998,20.656414949201665,7,0
50859,2023,David Lynn,GR,St. Olaf,4,1497.4021,1497.4021,15.45927627548829,35,0
50868,2023,Sean Hartney,GR,St. Olaf,6,1500.2022,1500.2022,18.938397514362162,35,0
50894,2023,Ian Curtis,GR,St. Olaf,3,1470.2,1530.5015,39.291313964737185,21,0
50914,2023,Cullen Capuano,GR,Washington U.,5,1463.4003,1463.4003,20.641708108138747,63,1
50918,2023,Andrew Sidamon-Eristoff,GR,Washington U.,6,1465.7,1516.4029,40.47067833725548,7,0
50926,2023,Alexander Gadin,GR,Washington U.,5,1521.5033,1521.5033,9.360725552092608,7,0
50959,2023,Jonathan Zavala,GR,Brockport St.,7,1466.7014000000001,1466.7014000000001,35.17777482283944,35,0
50960,2023,Jared Smith,GR,Brockport St.,5,1482.9008000000001,1482.9008000000001,44.89289693038867,7,0
51119,2023,Conor Kolka,GR,Wittenberg,7,1438.7004,1438.7004,70.98042091336214,7,0
51240,2023,Austin Gappa,GR,George Fox,3,1462.7,1504.3015,19.665460422499322,7,0
51244,2023,Adam Petersen,GR,George Fox,3,1464.2,1493.1003999999998,22.46572643922797,21,0
51245,2023,Alex Mills,GR,George Fox,3,1480.8,1485.2002,19.513564432010433,21,0
51250,2023,Andrew Ross,GR,George Fox,3,1490.4,1510.9007000000001,19.183955935509072,21,0
51257,2023,Gavin Grass,GR,George Fox,4,1491.6,1517.301,17.946980736098116,21,0
51270,2023,Gabriel Lachenmeier,GR,George Fox,3,1517.9011,1517.9011,25.827832430065637,21,0
52171,2023,Matthew Thomas,GR,Wis.-Stout,5,1504.3030999999999,1504.3030999999999,49.015880029010994,7,0
52172,2023,Andrew Carlson,GR,Wis.-Stout,5,1529.4051000000002,1529.4051000000002,30.780368716465997,7,0
52258,2023,Lloyd Young,GR,St. John'S (Minn.),4,1471.4,1491.6016,12.809835451006947,7,0
52297,2023,James McGlashon,GR,North Central (Ill.),6,1485.0,1487.1017,48.74085564070461,7,0
52298,2023,Emerald Svienty,GR,North Central (Ill.),6,1431.3006,1431.3006,30.558888909094822,50,1
52955,2023,Sam Llaneza,GR,Lynchburg,5,1457.6010999999999,1457.6010999999999,22.04750654614712,35,0
52958,2023,Bryce Davis,GR,Lynchburg,5,1490.3033,1490.3033,27.027884014372944,35,0
52960,2023,Cooper Hurst,GR,Lynchburg,5,1498.2045,1498.2045,46.28544236919423,35,0
52964,2023,Tor Hotung-Davidsen,GR,Lynchburg,5,1460.1011999999998,1460.1011999999998,67.2201892873681,35,0
53132,2023,Walter Wagude,GR,Tufts,6,1478.7,1486.2009,34.38563945746666,35,0
53133,2023,Tobias L'Esperance-Kerckhof,GR,Trinity (Conn.),5,1490.3019,1490.3019,36.026036518355404,7,0
53136,2023,Alex Friedman,GR,Tufts,5,1549.3003999999999,1549.3003999999999,50.105469340877455,35,0
53138,2023,Ryan Proulx,GR,Tufts,6,1533.5001,1533.5001,36.46771178296709,35,0
53337,2023,Nick Edwards-Levin,GR,Amherst,6,1228.0,1486.6015,26.178014134124076,7,0
53555,2023,Nick Bauman,GR,Suny Geneseo,5,1470.7017,1470.7017,31.051966392703665,35,0
53736,2023,Hunter Brignall,GR,Cortland St.,6,1469.1003999999998,1469.1003999999998,18.919405574636922,7,0
53850,2023,Vince Simonetti,GR,RPI,4,1443.8002999999999,1443.8002999999999,24.394646852575587,7,1
53851,2023,Mitchell Dailey,GR,RPI,4,1462.5007,1462.5007,22.86175032171642,7,0
53852,2023,Cory Kennedy,GR,Colorado St.,4,1423.2,1436.7001,22.0507168252531,7,1
53853,2023,Jonathan Craun,GR,RPI,3,1488.1007,1488.1007,19.178295062445557,63,0
54089,2023,Gunner Schlender,GR,Wis.-Whitewater,6,1453.7,1464.7002,37.07101032773302,71,1
54090,2023,Christian Patzka,GR,Wis.-Whitewater,6,1442.0001,1442.0001,43.98028499618697,7,1
54091,2023,Chris Allen,GR,Wis.-Whitewater,6,1513.7015000000001,1513.7015000000001,31.270741735442083,21,0
54101,2023,Nick Hardin,GR,Wis.-Whitewater,6,1502.903,1502.903,31.056247722877323,7,0
55020,2023,Eric Jackson,GR,Uc Santa Cruz,5,1445.8001,1445.8001,21.34773082732683,21,1
55639,2023,Aleksei Seletskiy,GR,Carnegie Mellon,4,1473.302,1473.302,54.08352256155909,35,0
55948,2023,Erik Ackerman,GR,Stockton,6,1499.3006,1499.3006,77.05958033208849,7,0
56055,2023,Connor Vachon,GR,Hope,5,1443.4,1444.8008,35.471700094943245,7,0
56332,2023,Jonathan Orelowitz,GR,Emory,6,1545.9057,1545.9057,11.043443267858091,35,0
56335,2023,Marcus Cheema,GR,Emory,5,1508.2008,1508.2008,37.88022062794249,7,0
56567,2023,Ian Horsburgh,GR,Pomona-Pitzer,5,1442.7,1474.0047,42.22218166227912,63,0
56622,2023,Lucas Florsheim,GR,Minnesota,5,1432.9,1441.7012,30.454250209002105,63,1
56625,2023,Derek Fearon,GR,Pomona-Pitzer,4,1442.5,1484.7004,27.08063285213025,7,1
56626,2023,Colin Kirkpatrick,GR,Pomona-Pitzer,4,1434.5,1460.903,29.61606978082164,63,1
56688,2023,Ned Farrington,GR,Maine,5,1480.7004,1480.7004,31.40782393446571,7,1
56722,2023,Ryan Tobin,GR,NYU,5,1460.6001999999999,1460.6001999999999,33.01154748732633,7,0
56724,2023,William Hall,GR,Suny Geneseo,5,1468.2016,1468.2016,20.33197532758677,35,0
56743,2023,Gabriel Winters-Bona,GR,Brockport St.,6,1471.4019,1471.4019,42.10476441493141,35,0
56786,2023,Alec Gironda,GR,Middlebury,6,1457.5006,1457.5006,44.85141588399283,7,0
56787,2023,Drew Donahue,GR,Middlebury,6,1464.0,1493.2021,38.12497719508607,7,0
56788,2023,Peter Burke,GR,Middlebury,6,1534.3043,1534.3043,68.67106863271383,7,0
56791,2023,Ziggy Goddard,GR,Middlebury,5,1466.6008,1466.6008,29.17242413282788,7,0
57100,2023,Matthew Hornung,GR,Washington U.,5,1467.0,1486.0015,26.336750867227302,7,0
57255,2023,Elias Ritzke,GR,Wis.-La Crosse,5,1497.3020999999999,1497.3020999999999,20.32401960308056,7,0
57264,2023,Chris Melville,GR,Carleton,6,1510.3035,1510.3035,55.423670817274434,7,0
57269,2023,Josh Meier,GR,Carleton,4,1601.8,1645.8071,46.831720055288116,21,0
57371,2023,John Lucey,GR,Williams,6,1447.9004,1447.9004,16.339497373346557,7,1
57372,2023,Charles Namiot,GR,Williams,6,1480.5013,1480.5013,18.48340105623422,7,0
57374,2023,Theo Dassin,GR,Amherst,5,1488.0,1496.4024000000002,15.501909012324857,7,0
57375,2023,Nate Lentz,GR,Williams,5,1478.5012,1478.5012,21.926905666728295,7,0
58362,2023,Pablo Arroyo,GR,MIT,2,1522.4,1530.2008,1.901200000000017,21,0
58366,2023,Jacob Hansen,GR,MIT,3,1500.3,1516.8006,30.579472572408253,21,0
58367,2023,Henry Hardart,GR,MIT,4,1502.8011,1502.8011,8.997492573072808,7,0
58683,2023,Gordon Doore,GR,Colby,4,1502.9012,1502.9012,49.31607179908494,7,0
59217,2023,Calvin Fiala,GR,Wis.-Stout,5,1499.6026,1499.6026,48.54171009144203,7,0
59242,2023,Thomas Flear,JR,Widener,5,1499.8007,1499.8007,56.71735305942527,7,0
59402,2023,Mason Kutz,GR,Mount Union,5,1493.6043,1493.6043,55.174669343566265,7,0
59648,2023,Andrew Blelloch,GR,Claremont-Mudd-Scripps,6,1491.7078000000001,1491.7078000000001,26.35080673401349,63,0
60202,2023,Avi Bissoondial,GR,WPI,6,1506.4014000000002,1506.4014000000002,34.43941676962419,7,0
60992,2023,Bellamy Immanuel,GR,Eastern Mennonite,7,1511.7007,1511.7007,19.73517633441361,64,0
61056,2023,Shane Erb,JR,Wartburg,6,1483.9005000000002,1483.9005000000002,12.454996064487503,64,0
61057,2023,Lance Sobaski,SR,Wartburg,6,1480.1014,1480.1014,24.443825269593095,7,0
61989,2023,Ryan Hoopingarner,SR,Trine,6,1449.7009,1449.7009,31.87807185827891,7,0
62098,2023,Louka Fetter,SR,Messiah,7,1478.7015000000001,1478.7015000000001,64.1674532935939,56,0
62357,2023,Hayden Beauchemin,JR,Claremont-Mudd-Scripps,6,1499.5,1506.7097,15.493343561851091,63,0
63191,2023,Nicholas Lyndaker,SR,St. Lawrence,7,1471.4009,1471.4009,27.908420560010168,7,1
63326,2023,Luc Santos,SR,Colorado College,6,1602.1027,1602.1027,69.68605638735332,35,0
63331,2023,Dominic Schwein,SR,Colorado College,6,1609.9011,1609.9011,44.57447305646344,21,0
64207,2023,Sam Tullis,SR,U. Of Chicago,5,1562.7,1563.7045,8.108391611472577,63,0
64208,2023,Zach Taubman,SR,U. Of Chicago,6,1543.9029,1543.9029,20.728254144765792,63,0
64254,2023,Nathan Tassey,SR,Roger Williams,4,1451.0005,1451.0005,39.77654015491484,7,1
64817,2023,Charlie Wilson,GR,Suny Geneseo,5,1490.9034000000001,1490.9034000000001,40.58422727088686,35,0
64828,2023,Derick Koen,SR,RIT,6,1487.4011,1487.4011,65.61427718196877,7,0
65830,2023,Ryan Podnar,SR,Carnegie Mellon,6,1444.8005,1444.8005,32.13237935806187,35,0
66203,2023,Roy Llewellyn,SR,Carleton,6,1505.0032,1505.0032,17.060643386296974,7,0
66210,2023,Indy Lyness,SR,Carleton,5,1522.0042,1522.0042,18.07314411621842,7,0
66835,2023,Eric Rutherford,SR,Loras,6,1542.3,1544.1056999999998,9.966647437955368,35,0
66842,2023,Jack Beehler,SR,Loras,6,1545.0053,1545.0053,70.56063929406744,7,0
67137,2023,Keaton Rush,SR,Washington And Lee,6,1480.9024000000002,1480.9024000000002,66.12105762847418,35,0
67165,2023,Stephen Ulrich,SR,Mount Union,5,1476.6024,1476.6024,32.59756022603527,7,0
67356,2023,Karan Shetty,SR,Benedictine (Ill.),7,1508.6027,1508.6027,56.656500370743004,7,0
67603,2023,Emmanuel Leblond,SR,Johns Hopkins,5,1444.2004,1444.2004,32.783625938670475,35,1
67604,2023,Rowan Cassidy,SR,Johns Hopkins,5,1482.9026000000001,1482.9026000000001,39.93102762483777,35,0
67607,2023,Matt Kelly,SR,Johns Hopkins,5,1478.6023,1478.6023,217.99016169017557,35,0
67849,2023,Alexander Kane,SR,Dickinson,5,1489.7008,1489.7008,38.425273221605046,7,0
67914,2023,Michael McCann,GR,Marywood,5,1490.3014,1490.3014,53.30888537722275,35,0
67948,2023,Bryce Ryder,SR,Marywood,5,1497.7017,1497.7017,44.73438180400922,7,0
68101,2023,Shaurya Srivastava,SR,NYU,5,1513.1030999999998,1513.1030999999998,32.974240580343995,35,0
68102,2023,Jeffrey Chen,SR,NYU,5,1466.8002999999999,1466.8002999999999,34.93838380341024,7,0
68105,2023,Andy Taylor,SR,NYU,5,1478.3007,1478.3007,25.394287834912806,7,0
68106,2023,Brandon Meiner,SR,NYU,6,1554.2072,1554.2072,21.706557759350055,35,0
68441,2023,Jack Stein,SR,Pomona-Pitzer,6,1470.5011,1470.5011,22.667636695394574,56,0
68593,2023,Alexander Bullard,SR,Washington U.,6,1522.1034,1522.1034,14.252911107896534,7,0
68820,2023,George Cahill,SR,Amherst,5,1519.8036,1519.8036,30.814656052015234,35,0
68821,2023,Aidan Gemme,JR,Amherst,6,1520.4037,1520.4037,22.052282457579928,35,0
68822,2023,Thomas Stephens,SR,Amherst,5,1527.0037,1527.0037,8.59686186163294,7,0
69200,2023,Dan Anderson,SR,Wis.-Whitewater,6,1485.7013,1485.7013,29.14216362823333,7,0
69202,2023,Adam Loenser,SR,Wis.-La Crosse,5,1486.9014000000002,1486.9014000000002,26.75066150699075,7,0
69203,2023,Aidan Matthai,SR,Wis.-La Crosse,5,1480.701,1480.701,26.6629016901312,7,0
69204,2023,Grant Matthai,SR,Wis.-La Crosse,5,1456.4004,1456.4004,52.623284991250785,7,0
69206,2023,Joey Sullivan,SR,Wis.-La Crosse,4,1496.0006,1496.0006,23.16028074230749,21,0
69512,2023,Nikhil DeNatale,SR,Williams,6,1438.6001999999999,1438.6001999999999,26.717653160515436,7,1
69513,2023,Justin Cascio,SR,RPI,4,1486.2029,1486.2029,31.25295813274126,35,0
69515,2023,Jack Loughery,SR,RPI,3,1481.4004,1481.4004,24.95327612777314,63,0
69516,2023,Ryan Hardiman,SR,Williams,6,1493.7022,1493.7022,54.82272334370121,7,0
69519,2023,Pat Theveny,GR,Williams,6,1520.3,1527.8038,18.568586859252427,7,0
69522,2023,Chris Ratcliffe,GR,Williams,6,1487.7016,1487.7016,26.58222695376739,7,0
69792,2023,Luke Brennan,SR,Tufts,5,1493.7018,1493.7018,38.80258812582481,35,0
69793,2023,Amokrane Aouchiche,SR,Tufts,5,1510.3,1518.6019999999999,31.169024405688486,7,0
70501,2023,Ryan Bernstein,SR,Carleton,6,1618.9050000000002,1618.9050000000002,21.176682062551645,21,0
71244,2023,Brendan Mellitt,GR,Connecticut College,6,1490.402,1490.402,27.581118133824805,7,0
71438,2023,Ivan Appleton,GR,Tufts,6,1470.8003999999999,1470.8003999999999,42.843052921875966,35,1
71711,2023,Shef West,SR,Middlebury,6,1494.8023,1494.8023,55.42906120581565,7,0
71714,2023,Harry Griff,SR,Middlebury,6,1554.8073,1554.8073,45.683717977111144,35,0
71875,2023,Paul Proteau,SR,Wis.-Oshkosh,5,1496.002,1496.002,14.91441848647141,7,0
71877,2023,Cameron Cullen,SR,Wis.-Oshkosh,5,1494.6019,1494.6019,26.483814701541792,7,0
71880,2023,Kevin Turlington,SR,St. Olaf,6,1484.5012,1484.5012,20.709460317777506,7,0
71882,2023,Elijah Marszalek,JR,Wis.-Stout,5,1517.4036,1517.4036,27.824451277924563,7,0
71901,2023,Caden Schneider,SR,Wis.-Platteville,5,1476.1008,1476.1008,43.54605160640865,7,0
71917,2023,Gabe Nichols,SR,Carleton,6,1490.9005000000002,1490.9005000000002,22.504685032285956,21,0
72428,2023,Jonathan Cobb,JR,Lynchburg,2,1513.8,1523.1001999999999,2.800350000000094,36,0
72429,2023,Chasen Hunt,SR,North Carolina,5,1431.8002,1431.8002,33.69473854244905,35,0
72741,2023,Micah Lachman,SR,Haverford,5,1539.2024000000001,1539.2024000000001,51.685809518812796,7,0
72957,2023,Isaac Bourne,SO,John Carroll,4,1472.3023,1472.3023,40.13279512028624,7,0
73253,2023,Will Goddard,GR,Bowdoin,4,1493.5008,1493.5008,28.870395651298196,7,0
76414,2023,BJ Sorg,JR,North Central (Ill.),6,1479.9062000000001,1479.9062000000001,14.212427255131313,50,0
76415,2023,Isaiah Hammerand,JR,Wartburg,6,1505.2025,1505.2025,43.063649837123585,7,0
76523,2023,Jackson Kodenski,SO,Washington And Lee,6,1494.3041,1494.3041,27.2325370042087,35,0
76528,2023,Robert Cooper,JR,Washington And Lee,4,1521.6014,1521.6014,23.931873434722082,7,0
77720,2023,Cohen Manges,JR,Swarthmore,6,1499.1005,1499.1005,42.5415999647036,7,0
77913,2023,Noah Bender,JR,U. Of Chicago,6,1472.0004,1472.0004,34.93488956000868,63,0
77914,2023,Jack Begley,GR,U. Of Chicago,6,1459.8002,1459.8002,16.41607017658305,63,0
77919,2023,Sanju Patel,JR,U. Of Chicago,6,1521.2017,1521.2017,17.601385263239944,63,0
78826,2023,Brandon Chen,JR,TCNJ,6,1496.7003,1496.7003,35.73491877190997,7,0
79321,2023,Isaac vanWestrienen,SR,Cornell College,6,1486.9016000000001,1486.9016000000001,23.691454290237147,7,0
79469,2023,Liam Blake,JR,Mount Union,6,1523.3045,1523.3045,27.692352141600367,56,0
80209,2023,Conor Daly,SR,Washington U.,6,1495.502,1495.502,16.557667840055302,7,0
80217,2023,Matthew Porter,GR,Carnegie Mellon,6,1437.1002999999998,1437.1002999999998,29.8172385618387,35,0
81112,2023,Kirin Karver,JR,Emory,6,1501.0019,1501.0019,35.020417673317425,35,0
81118,2023,Olin Gilster,JR,Emory,6,1531.0005,1531.0005,21.308298815494364,63,0
81374,2023,William Wadsley,SO,Central College,7,1546.5061,1546.5061,25.650836541394412,35,0
81375,2023,Jack Brown,JR,Central College,7,1539.7050000000002,1539.7050000000002,67.49999794969541,35,0
81376,2023,Landis Musser,JR,Loras,6,1543.1055999999999,1543.1055999999999,22.396268670849537,35,0
83353,2023,Will Shuflit,JR,Colorado College,6,1533.503,1533.503,56.639124987956784,7,0
85313,2023,Yichen Sun,JR,MIT,5,1510.5018,1510.5018,17.436341233523596,7,0
85389,2023,Harrison Dow,JR,Amherst,6,1489.8017,1489.8017,21.99769581602589,7,0
85391,2023,Sam Young,SO,Amherst,6,1539.9044000000001,1539.9044000000001,33.879776248635345,7,0
85724,2023,Noah Mahoney,JR,Wesleyan,6,1497.2025,1497.2025,30.181531682232432,7,0
86160,2023,Craig Hundley,GR,Wis.-Whitewater,6,1494.3014,1494.3014,25.78496994106042,35,0
86164,2023,Colin Hanson,SO,Wis.-Stout,5,1536.5061,1536.5061,37.79485872509112,7,0
87400,2023,Ian Paul,SR,John Carroll,4,1478.2027,1478.2027,45.907023671683405,7,0
88445,2023,Ian Petruska,JR,Hope,5,1463.7014000000001,1463.7014000000001,39.52320650946216,7,0
88511,2023,Mason Ratkovich,GR,Claremont-Mudd-Scripps,4,1485.7066,1485.7066,24.58900438209119,63,0
88531,2023,Benjamin Hughes,JR,Middlebury,6,1485.7014000000001,1485.7014000000001,37.62572155005797,7,0
89394,2023,Quinn Hampson,SR,Tufts,6,1500.8025,1500.8025,30.94354023603132,35,0
90351,2023,Will Hofmann,GR,Calvin,5,1466.8016,1466.8016,38.239286889919924,7,0
93098,2023,George Brady,GR,NYU,2,1493.9014000000002,1493.9014000000002,53.85154999999986,7,0
